Workbook

Sheet clasificacion2020_up2
A3: RESISBARNA 2020 - CLASIFICACION GENERAL POR PILOTOS
A7: POS | B7: PILOTO | C7: EQUIPO DEL PILOTO | D7: CLUB EL SOT | E7: SLOT 4 YOU | F7: GAS CLAVAT | G7: ESCUD. CRONO | H7: SLOT SAB | I7: SCM BDN | J7: SLOT CAR | K7: TOTAL
A8: 1 | B8: IGNASI BALDOMINOS | C8: SLOTMANIA | D8: 70 | E8: 64 | F8: 70 | G8: 70 | K8: 274
A9: 1 | B9: BESAY PORTA | C9: SLOTMANIA | D9: 70 | E9: 64 | F9: 70 | G9: 70 | K9: 274
A10: 2 | B10: JOSEP Mª SEREROLS | C10: EL SOT-TEAM | D10: 52 | E10: 50 | F10: 52 | G10: 50 | K10: 204
A11: 2 | B11: EDUARD CERDA | C11: EL SOT-TEAM | D11: 52 | E11: 50 | F11: 52 | G11: 50 | K11: 204
A12: 2 | B12: ALEX ROBLES | C12: EL SOT-FU | D12: 55 | E12: 46 | F12: 48 | G12: 55 | K12: 204
A13: 2 | B13: JORDI ROBLES | C13: EL SOT-FU | D13: 55 | E13: 46 | F13: 48 | G13: 55 | K13: 204
A14: 2 | B14: MIQUEL BONAVIDA | C14: EL SOT-HORTA | D14: 43 | E14: 48 | F14: 55 | G14: 58 | K14: 204
A15: 2 | B15: LORENZO RODRIGUEZ | C15: EL SOT-HORTA | D15: 43 | E15: 48 | F15: 55 | G15: 58 | K15: 204
A16: 3 | B16: XAVI CORTADA | C16: HOT SLOT FOR YOU | D16: 50 | E16: 55 | F16: 46 | G16: 51 | K16: 202
A17: 3 | B17: ADAM PARERA | C17: HOT SLOT FOR YOU | D17: 50 | E17: 55 | F17: 46 | G17: 51 | K17: 202
A18: 4 | B18: GABRIEL RODRIGUEZ | C18: STP-RACING | D18: 42 | E18: 44 | F18: 53 | G18: 62 | K18: 201
A19: 4 | B19: RICHARD ARREDONDO | C19: STP-RACING | D19: 42 | E19: 44 | F19: 53 | G19: 62 | K19: 201
... A21: 4 | B21: VICENS FEBRERO | C21: SLOT FOR YOU | D21: 59 | E21: 34 | F21: 44 | G21: 64 | K21: 201
A22: 5 | B22: JULEN VALBUENA | C22: ARREPLEGATS | D22: 64 | E22: 70 | F22: 59 | K22: 193
A23: 5 | B23: GERMA PORTET | C23: ARREPLEGATS | D23: 64 | E23: 70 | F23: 59 | K23: 193
A24: 6 | B24: MARC LANSAC | C24: ARREPLEGATS TECH | D24: 36 | E24: 59 | F24: 64 | K24: 159
A25: 7 | B25: ISRAEL NEVADO | C25: DZERO SOT | D25: 40 | E25: 32 | F25: 34 | G25: 40 | K25: 146
A26: 7 | B26: VICTOR GONZALEZ | C26: DZERO SOT | D26: 40 | E26: 32 | F26: 34 | G26: 40 | K26: 146
A27: 8 | B27: MANEL SORIANO | C27: OSOTNA | D27: 38 | E27: 28 | F27: 30 | G27: 47 | K27: 143
A28: 8 | B28: DAVID MERCADER | C28: OSOTNA | D28: 38 | E28: 28 | F28: 30 | G28: 47 | K28: 143
A29: 9 | B29: JORGE VALDIVIESO | C29: EL SOT-CALAVERAS | D29: 33 | E29: 36 | F29: 35 | G29: 38 | K29: 142
A30: 9 | B30: ALBERTO BOLSA | C30: EL SOT-CALAVERAS | D30: 33 | E30: 36 | F30: 35 | G30: 38 | K30: 142
A31: 10 | B31: XAVI BELLOT | C31: GASCLAVAT-FEELGOOD | D31: 28 | E31: 31 | F31: 43 | G31: 39 | K31: 141
A32: 10 | B32: CRISTIAN DIAZ | C32: GASCLAVAT-FEELGOOD | D32: 28 | E32: 31 | F32: 43 | G32: 39 | K32: 141
A33: 11 | B33: ALBERT FIGUEROLA | C33: TRELEC | D33: 32 | E33: 30 | F33: 33 | G33: 41 | K33: 136
A34: 12 | B34: CESC FIGUERAS | C34: TRELEC | D34: 32 | E34: 30 | F34: 33 | G34: 41 | K34: 136
A35: 12 | B35: OSCAR CAPEL | C35: EL SOT-SPORT | D35: 44 | E35: 52 | G35: 37 | K35: 133
A36: 13 | B36: SERGI SALADRIGAS | C36: SLOT FOR YOU-CUIDADIN | E36: 38 | F36: 42 | G36: 46 | K36: 126
A37: 13 | B37: MARC CASANOVAS | C37: SLOT FOR YOU-CUIDADIN | E37: 38 | F37: 42 | G37: 46 | K37: 126
A38: 14 | B38: OSCAR VILA | C38: SLOTFOURMANIA | D38: 25 | E38: 26 | F38: 34 | G38: 40 | K38: 125
A39: 15 | B39: JORDI SIMO | C39: ESTEL·LATS | D39: 39 | E39: 43 | G39: 42 | K39: 124
A40: 15 | B40: ENRIC ILLA | C40: ESTEL·LATS | D40: 39 | E40: 43 | G40: 42 | K40: 124
A41: 16 | B41: JORDI PEREZ | C41: ARREPLEGATS TECH | E41: 59 | F41: 64 | K41: 123
A42: 16 | B42: SERGI MARTINEZ | C42: SLOTSAB-JUNIOR | D42: 37 | E42: 42 | G42: 44 | K42: 123
A43: 16 | B43: VICTOR LEON | C43: SLOTSAB-JUNIOR | D43: 37 | E43: 42 | G43: 44 | K43: 123
A44: 17 | B44: CARLES CARREÑO | C44: ARREPLEGATS RALLY | D44: 36 | E44: 42 | F44: 43 | K44: 121
A45: 18 | B45: RAUL RAMIREZ | C45: TOAD TEAM | E45: 35 | F45: 37 | G45: 46 | K45: 118
A46: 19 | B46: EDUARD GIL | C46: SLOTMANIA-CAR | D46: 29 | E46: 40 | G46: 37 | K46: 106
A47: 20 | B47: ANGEL NAVARRO | C47: GASCLAVAT | D47: 31 | E47: 29 | F47: 42 | K47: 102
A48: 20 | B48: JUAN RAMON MESAS | C48: GASCLAVAT | D48: 31 | E48: 29 | F48: 42 | K48: 102
A49: 20 | B49: JORDI CANTOS | C49: SCM | D49: 24 | F49: 32 | G49: 46 | K49: 102
A50: 21 | B50: ALBERT TRAFACH | C50: EL SOT-SPORT | D50: 44 | E50: 52 | K50: 96
A51: 22 | B51: DAVID IZQUIERDO | C51: SLOTMANIA-RIDERS | D51: 48 | E51: 41 | K51: 89
A52: 22 | B52: SERGI SOLA | C52: SLOTMANIA-RIDERS | D52: 48 | E52: 41 | K52: 89
A53: 22 | B53: JORDI RIEROLA | C53: DREAM SLOT | E53: 46 | F53: 43 | K53: 89
A54: 22 | B54: JESUS JODAR | C54: GASCLAVAT-JOAL | D54: 21 | E54: 24 | F54: 44 | K54: 89
A55: 22 | B55: OSCAR SANCHEZ | C55: SLOTSAB-JOOS | D55: 30 | E55: 26 | G55: 33 | K55: 89
A56: 22 | B56: JOSE MARIA MARTINEZ | C56: SLOTSAB-JOOS | D56: 30 | E56: 26 | G56: 33 | K56: 89
A57: 23 | B57: JAUME LLOBET | C57: SLOTFOURMANIA | D57: 25 | E57: 26 | F57: 34 | K57: 85
A58: 23 | B58: JAVIER MUÑOZ | C58: ESCUDERIA CRONO-1 | D58: 18 | E58: 22 | G58: 45 | K58: 85
A59: 23 | B59: MIGUEL ANGEL GARCIA | C59: ESCUDERIA CRONO-1 | D59: 18 | E59: 22 | G59: 45 | K59: 85
A60: 24 | B60: VALERI JONAMA | C60: CRIC-CRAC | D60: 46 | F60: 38 | K60: 84
A61: 25 | B61: JORDI MUÑOZ | C61: NOUTEAM SLOT | D61: 22 | E61: 25 | G61: 32 | K61: 79
A62: 25 | B62: LLUIS ALDEA | C62: GASCLAVAT-JOAL | D62: 21 | E62: 24 | G62: 34 | K62: 79
A63: 26 | B63: GUILLEM ROMERO | C63: ARREPLEGATS RALLY | D63: 34 | E63: 42 | K63: 76
A64: 27 | B64: PABLO FREGOSI | C64: EL SOT-WARRIORS | D64: 35 | E64: 39 | K64: 74
A65: 27 | B65: DAVID CELAYA | C65: EL SOT-WARRIORS | D65: 35 | E65: 39 | K65: 74
A66: 28 | B66: JOAN FONTANALS | C66: TOAD TEAM | E66: 35 | F66: 37 | K66: 72
A67: 29 | B67: RAFAEL MUÑOZ | C67: ESCUDERIA CRONO-3 | D67: 19 | E67: 20 | G67: 30 | K67: 69
A68: 29 | B68: VICTOR LOPEZ | C68: ESCUDERIA CRONO-3 | D68: 19 | E68: 20 | G68: 30 | K68: 69
A69: 30 | B69: BERNAT VIVAS | C69: SLOT CAR VIAS | F69: 28 | G69: 37 | K69: 65
A70: 31 | B70: DAVID VENDRELL | C70: NOUTEAM SLOT | D70: 22 | G70: 32 | K70: 54
A71: 32 | B71: ANDREU MARTIN | C71: GASCLAVAT-AA | D71: 23 | F71: 29 | K71: 52
A72: 32 | B72: ALBERT CASTELLAR | C72: GASCLAVAT-AA | D72: 23 | F72: 29 | K72: 52
A73: 33 | B73: RAUL EGEA | C73: SAB ARRAS | D73: 20 | E73: 30 | K73: 50
A74: 33 | B74: ABEL VIZU | C74: SAB ARRAS | D74: 20 | E74: 30 | K74: 50
A75: 34 | B75: ISRAEL GOMEZ | C75: CRIC-CRAC | D75: 46 | K75: 46
A76: 34 | B76: MARC GARCIA | C76: DREAM SLOT | E76: 46 | K76: 46
A77: 35 | B77: ALBERT RANERA | C77: EL SOT-ESPORTIVE | D77: 41 | K77: 41
A78: 35 | B78: VICTOR QUEROL | C78: EL SOT-ESPORTIVE | D78: 41 | K78: 41
A79: 35 | B79: FIDEL SOLER | C79: GASCLAVAT 2 | F79: 41 | K79: 41
A80: 36 | B80: ADOLFO CHICO | C80: SLOTMANIA-CAR | E80: 37 | K80: 37
A81: 37 | B81: URI CAPDEVILA | C81: RALLY TEAM | D81: 34 | K81: 34
A82: 38 | B82: GORI FORTE | C82: SMC_ | F82: 32 | K82: 32
A83: 39 | B83: MIKI TERES | C83: MILLUI | G83: 31 | K83: 31
A84: 40 | B84: ALBERT TOMAS | C84: SLOTMANIA-BIKE | D84: 29 | K84: 29
A85: 41 | B85: FRANCESC VIVAS | C85: SLOT CAR VIAS | F85: 28 | K85: 28
A86: 42 | B86: OSCAR ALARCON | C86: BATUA L'OLLA | D86: 27 | K86: 27
A87: 42 | B87: XAVI ARANDA | C87: BATUA L'OLLA | D87: 27 | K87: 27
A88: 43 | B88: FRANCISCO AGUILERA | C88: RADAR | D88: 26 | K88: 26
A89: 43 | B89: MIGUEL ANGEL AGUILERA | C89: RADAR | D89: 26 | K89: 26
A90: 44 | B90: CRISTIAN ACACIO | C90: NOUTEAM SLOT | E90: 25 | K90: 25
A91: 45 | B91: MARIUS MAGRO | C91: ESCUDERIA CRONO-2 | E91: 24 | K91: 24
A92: 45 | B92: RAUL CABELLO | C92: ESCUDERIA CRONO-2 | E92: 24 | K92: 24
A93: 45 | B93: EDGAR CARMONA | C93: SCM | D93: 24 | K93: 24
A99: * Pilotos con puntuación azul: bonus adicional de 3 puntos por variar de modelo de coche.
A101: RESISBARNA 2020 - CLASIFICACION COPA SCALEAUTO
A104: POS | B104: PILOTO | C104: EQUIPO DEL PILOTO | D104: CLUB EL SOT | E104: SLOT 4 YOU | F104: GAS CLAVAT | G104: ESCUD. CRONO | H104: SLOT SAB | I104: SCM BDN | J104: SLOT CAR | K104: TOTAL
A105: 1 | B105: JOSEP Mª SEREROLS | C105: EL SOT-TEAM | D105: 25 | E105: 16 | F105: 20 | G105: 25 | K105: 86
A106: 1 | B106: EDUARD CERDA | C106: EL SOT-TEAM | D106: 25 | E106: 16 | F106: 20 | G106: 25 | K106: 86
A107: 2 | B107: MARC LANSAC | C107: ARREPLEGATS TECH | D107: 10 | E107: 25 | F107: 25 | K107: 60
A108: 3 | B108: JORDI PEREZ | C108: ARREPLEGATS TECH | E108: 25 | F108: 25 | K108: 50
A109: 4 | B109: SERGI SALADRIGAS | C109: SLOT FOR YOU-CUIDADIN | E109: 10 | F109: 16 | G109: 20 | K109: 46
A110: 4 | B110: MARC CASANOVAS | C110: SLOT FOR YOU-CUIDADIN | E110: 10 | F110: 16 | G110: 20 | K110: 46
A111: 5 | B111: SERGI MARTINEZ | C111: SLOTSAB-JUNIOR | D111: 13 | E111: 16 | G111: 16 | K111: 45
A112: 5 | B112: VICTOR LEON | C112: SLOTSAB-JUNIOR | D112: 13 | E112: 16 | G112: 16 | K112: 45
A113: 6 | B113: ISRAEL NEVADO | C113: DZERO SOT | D113: 16 | E113: 8 | F113: 10 | G113: 10 | K113: 44
A114: 6 | B114: VICTOR GONZALEZ | C114: DZERO SOT | D114: 16 | E114: 8 | F114: 10 | G114: 10 | K114: 44
...

Sheet Mangas_slotsab_Web 
A2: RESISBARNA 2020 - 5A. CARRERA
A3: SLOTSAB 1 - 3 OCTUBRE
A6: COMPOSICION MANGAS
A7: ACTUALIZADAS 14/9/2020
A10: VERIFICACIÓN Y WARM UP CON MULETO DE 20:00 a 20:30
A11: MANGA JUEVES 20:30 Horas
A13: # | B13: EQUIPO | C13: PILOTO | D13: PTOS. | E13: PILOTO | F13: PTOS. | G13: TOTAL | H13: COPA | I13: CARIL SALIDA
A14: 1 | B14: DZERO SOT | C14: Israel Nevado | D14: 146 | E14: Victor Gonzalez | F14: 146 | G14: 292 | H14: SCALEAUTO_CUP | I14: 1
A15: 2 | B15: SLOTFOURMANIA | C15: Jaume Llobet | D15: 85 | E15: Oscar Vila | F15: 125 | G15: 210 | H15: GT2 | I15: 2
A16: 3 | B16: SLOTSAB JOOS | C16: Oscar Sanchez | D16: 89 | E16: Jose Maria Martinez | F16: 89 | G16: 178 | H16: SCALEAUTO_CUP | I16: 6
A17: 4 | B17: NOUTEAM SLOT_ | C17: Jordi Muñoz | D17: 82 | E17: David Vendrell | F17: 54 | G17: 136 | H17: GT2 | I17: 4
A18: 5 | B18: MILLUI | C18: Lluis aldea | D18: 79 | E18: Miki Teres | F18: 31 | G18: 110 | H18: GT2
A19: 6 | B19: SAB ARRAS | C19: Raul Egea | D19: 50 | E19: Abel Vizu | F19: 50 | G19: 100 | H19: SCALEAUTO_CUP | I19: 3
A22: VERIFICACIÓN Y WARM UP CON MULETO DE 22:40 a 23:10
A23: MANGA JUEVES 23:10 Horas
A25: # | B25: EQUIPO | C25: PILOTO | D25: PTOS. | E25: PILOTO | F25: PTOS. | G25: TOTAL | H25: COPA | I25: CARIL SALIDA
A26: 1
A27: 2
A28: 3
A29: 4
A30: 5
A31: 6
A34: VERIFICACIÓN Y WARM UP CON MULETO DE 20:30 a 21:00
A35: MANGA VIERNES 21:00 Horas
A37: # | B37: EQUIPO | C37: PILOTO | D37: PTOS. | E37: PILOTO | F37: PTOS. | G37: TOTAL | H37: COPA | I37: CARIL SALIDA
A38: 1 | B38: EL SOT CALAVERAS | C38: Jorge Valdivieso | D38: 142 | E38: Alberto Bolsa | F38: 142 | G38: 284 | H38: GT2 | I38: D2
A39: 2 | B39: SLOT4YOU CUIDADIN | C39: Sergi Saladrigas | D39: 126 | E39: Marc Casanovas | F39: 126 | G39: 252 | H39: SCALEAUTO_CUP | I39: D1
A40: 3 | B40: ESTEL·LATS | C40: Enric Illa | D40: 124 | E40: Jordi Simo | F40: 124 | G40: 248 | H40: RESISBARNA | I40: 4
A41: 4 | B41: SLOTSAB JUNIOR | C41: Sergi Martinez | D41: 123 | E41: Victor Leon | F41: 123 | G41: 246 | H41: SCALEAUTO_CUP | I41: 1
A42: 5 | B42: TOAD TEAM | C42: Raul Ramírez | D42: 118 | E42: Joan Fontanals | F42: 72 | G42: 190 | H42: GT2 | I42: 2
A43: 6 | B43: SLOTMANIA CAR | C43: Eduard Gil | D43: 106 | E43: Adolfo Chico | F43: 37 | G43: 143 | H43: RESISBARNA | I43: 6
A44: 7 | B44: EQUIP VALLES | C44: Dani Gonzalez | D44: 38 | E44: Valeri Jonama | F44: 84 | G44: 122 | H44: RESISBARNA | I44: 5
A45: 8 | B45: CRONO1_ | C45: Javier Muñoz | D45: 85 | E45: Marius Magro | F45: 24 | G45: 109 | H45: SCALEAUTO_CUP | I45: 3
A48: VERIFICACIÓN Y WARM UP CON MULETO DE 23:00 a 23:30
A49: MANGA VIERNES 23:30 Horas
A51: # | B51: EQUIPO | C51: PILOTO | D51: PTOS. | E51: PILOTO | F51: PTOS. | G51: TOTAL | H51: COPA | I51: CARIL SALIDA
A52: 1 | B52: SLOTMANIA | C52: Besay Porta | D52: 274 | E52: Ignasi Baldominos | F52: 274 | G52: 548 | H52: RESISBARNA | I52: D1
A53: 2 | B53: EL SOT FU | C53: Alex Robles | D53: 204 | E53: Jordi Robles | F53: 204 | G53: 408 | H53: RESISBARNA | I53: 1
A54: 3 | B54: EL SOT TEAM | C54: JM Sererols | D54: 204 | E54: Eduard Cerda | F54: 204 | G54: 408 | H54: SCALEAUTO_CUP | I54: 2
A55: 4 | B55: EL SOT HORTA | C55: Miquel Bonavida | D55: 204 | E55: Lorenzo Rodriguez | F55: 204 | G55: 408 | H55: RESISBARNA | I55: 4
A56: 5 | B56: HOT SLOT FOR YOU | C56: Xavi Cortada | D56: 202 | E56: Adam Parera | F56: 202 | G56: 404 | H56: RESISBARNA | I56: 5
A57: 6 | B57: SLOTFORYOU | C57: Joel Mendizabal | D57: 201 | E57: Vicens Febrero | F57: 201 | G57: 402 | H57: RESISBARNA | I57: 6
A58: 7 | B58: OSOTNA | C58: Manel Soriano | D58: 143 | E58: David Mercader | F58: 143 | G58: 286 | H58: RESISBARNA | I58: 3
A59: 8
A63: VERIFICACIÓN Y WARM UP CON MULETO DE 10:00 a 10:30
A64: MANGA SÁBADO 10:40 Horas
A65: # | B65: EQUIPO | C65: PILOTO | D65: PTOS. | E65: PILOTO | F65: PTOS. | G65: TOTAL | H65: COPA | I65: CARIL SALIDA
A66: # | B66: TRELEC | C66: Albert Figuerola | D66: 136 | E66: Cesc Figueras | F66: 136 | G66: 272 | H66: GT2
A67: 1 | B67: GASCLAVAT FEELGOOD | C67: Xavi Bellot | D67: 141 | E67: Cristian Diaz | F67: 141 | G67: 282 | H67: GT2
A68: 2 | B68: STP RACING | C68: Albert Barcelo | D68: 0 | E68: Gabriel Rodriguez | F68: 201 | G68: 201 | H68: RESISBARNA
A69: 3 | B69: SCM | C69: Edgar Carmona | D69: 24 | E69: Jordi Cantos | F69: 102 | G69: 126 | H69: GT2
A70: 4 | B70: CRONO3 | C70: Rafael Muñoz | D70: 69 | E70: Victor Lopez | F70: 69 | G70: 138 | H70: GT2
A71: 5 | B71: SLOTSAB TEAM PIQUERAS | C71: Ismael Piqueras | D71: 0 | E71: Blas Pinilla | F71: 0 | G71: 0 | H71: RESISBARNA
A72: 6

Sheet Inscritos_ENTRENOS_SLOTSAB
B3: ENTRENAMIENTOS SLOTSAB
B7: LUNES 17:00 | C7: LUNES 20:00 | D7: MARTES 17:00 | E7: MARTES 20:00 | F7: MIERCOLES 17:00 | G7: MIERCOLES 20:00 | H7: JUEVES DIA CARRERA | I7: VIERNES DIA CARRERA | J7: SABADO DIA CARRERA
A8: 1 | B8: ALBERT FIGUEROLA | C8: CRISTIAN DIAZ | D8: ALBERT FIGUEROLA | E8: JORDI SIMO | F8: EDUARD CERDA | G8: JORDI SIMO | H8: DAVID VENDRELL | I8: JAVI MUÑOZ | J8: RAFA
A9: 2 | B9: CESC FIGUERAS | C9: XAVI BELLOT | D9: CESC FIGUERAS | E9: ADAM PARERA | F9: JM SEREROLS | G9: EDUARD CERDA | H9: JORDI MUÑOZ | I9: MARIUS | J9: VICTOR LOPEZ
A10: 3 | B10: CRISTIAN DIAZ | C10: VICTOR GONZALEZ | D10: ALEX ROBLES | E10: XAVI CORTADA | F10: LORENZO RODRIGUEZ | G10: JM SEREROLS | H10: JAUME LLOBET | I10: VALERI | J10: EDU GIL
A11: 4 | B11: XAVI BELLOT | C11: ISRAEL NEVADO | D11: JORDI ROBLES | E11: JOEL MENDIZABAL | F11: MIQUEL BONAVIDA | G11: VICTOR GONZALEZ | I11: DANI GONZALEZ | J11: ADOLFO CHICO
A12: 5 | B12: ALEX ROBLES | C12: RICHARD ARREDONDO | D12: LLUIS ALDEA | E12: VICENS FEBRERO | F12: ALBERTO BOLSA | G12: ISRAEL NEVADO
A13: 6 | B13: JORDI ROBLES | C13: GABRIEL RODRIGUEZ | D13: MIKI TERES | E13: LLUIS ALDEA | G13: ADAM PARERA
A14: 7 | B14: LORENZO RODRIGUEZ | C14: TONI TORO | D14: MANEL SORIANO | E14: MIKI TERES | G14: XAVI CORTADA | I14: MARC CASANOVAS
A15: 8 | D15: DAVID MERCADER | E15: MANEL SORIANO | G15: JOEL MENDIZABAL | I15: SERGI SALADRIGAS
A16: 9 | D16: JOAN FONTANALS | E16: DAVID MERCADER | G16: VICENS FEBRERO | I16: ENRIC ILLA
A17: 10 | D17: RAUL RAMIEZ | E17: JOAN FONTANALS | G17: RICHARD ARREDONDO | I17: BESAY PORTA
A18: 11 | E18: RAUL RAMIEZ | G18: GABRIEL RODRIGUEZ | I18: IGNASI BALDOMINOS
A19: 12 | E19: OSCAR VILA | G19: MIQUEL BONAVIDA
A20: 13 | G20: ALBERTO BOLSA
A21: 14
I23: RAUL EGEA
I24: ABEL VIZUETE

Sheet Mangas_SCM_Web
A2: RESISBARNA 2020 - 6A. CARRERA
A3: SCM 15-16-17 OCTUBRE 2020
A6: COMPOSICION MANGAS (Act. 12/07/2020)
A10: VERIFICACIÓN Y WARM UP CON MULETO DE 20:30 a 21:00
A11: MANGA JUEVES 21:10 Horas
A13: # | B13: EQUIPO | C13: PILOTO | D13: PTOS. | E13: PILOTO | F13: PTOS. | G13: TOTAL
A14: 1 | B14: TRELEC | C14: Albert Figuerola | D14: 185 | E14: Cesc Figueras | F14: 185 | G14: 370 | H14: GT2
A15: 2 | B15: GASCLAVAT FEELGOOD | C15: Xavi Bellot | D15: 180 | E15: Cristian Diaz | F15: 180 | G15: 360 | H15: GT2
A16: 3 | B16: DZERO SOT | C16: Israel Nevado | D16: 178 | E16: Victor Gonzalez | F16: 178 | G16: 356 | H16: SCALEAUTO_CUP
A17: 4 | B17: EL SOT CALAVERAS | C17: Jorge Valdivieso | D17: 178 | E17: Alberto Bolsa | F17: 178 | G17: 356 | H17: GT2
A18: 5 | B18: SLOTFOURMANIA | C18: Jaume Llobet | D18: 116 | E18: Oscar Vila | F18: 156 | G18: 272 | H18: GT2
A19: 6 | B19: NOUTEAM SLOT_ | C19: Jordi Muñoz | D19: 111 | E19: David Vendrell | F19: 83 | G19: 194 | H19: GT2
A20: 7 | B20: SCM | C20: Edgar Carmona | D20: 58 | E20: Jordi Cantos | F20: 136 | G20: 194 | H20: GT2
A21: 8 | B21: SLOTSAB OSJO | C21: Jose Maria Martinez | D21: 128 | E21: Guillem Asins | F21: 0 | G21: 128 | H21: SCALEAUTO_CUP
A22: 9 | B22: SCM BIKES | C22: Fede Sanchez | D22: 0 | E22: Sergio Diaz | F22: 0 | G22: 0 | H22: GT2
A26: VERIFICACIÓN Y WARM UP CON MULETO DE 20:00 a 20:30
A27: MANGA VIERNES 20:30 Horas
A29: # | B29: EQUIPO | C29: PILOTO | D29: PTOS. | E29: PILOTO | F29: PTOS. | G29: TOTAL
A30: 1 | B30: STP RACING | C30: Richard Arredondo | D30: 201 | E30: Gabriel Rodriguez | F30: 241 | G30: 442 | H30: RESISBARNA
A31: 2 | B31: SLOTSAB JUNIOR | C31: Sergi Martinez | D31: 187 | E31: Victor Leon | F31: 187 | G31: 374 | H31: SCALEAUTO_CUP
A32: 3 | B32: OSOTNA | C32: Manel Soriano | D32: 186 | E32: David Mercader | F32: 186 | G32: 372 | H32: RESISBARNA
A33: 4 | B33: ESTEL·LATS | C33: Enric Illa | D33: 175 | E33: Jordi Simo | F33: 175 | G33: 350 | H33: RESISBARNA
A34: 5 | B34: SLOT4YOU CUIDADIN | C34: Sergi Saladrigas | D34: 168 | E34: Marc Casanovas | F34: 168 | G34: 336 | H34: SCALEAUTO_CUP
A35: 6 | B35: TOAD TEAM | C35: Raul Ramírez | D35: 159 | E35: Joan Fontanals | F35: 113 | G35: 272 | H35: GT2
A36: 7 | B36: SAB ARRAS | C36: Raul Egea | D36: 85 | E36: Abel Vizu | F36: 85 | G36: 170 | H36: SCALEAUTO_CUP
A38: VERIFICACIÓN Y WARM UP CON MULETO DE 22:40 a 23:10
A39: MANGA VIERNES 23:10 Horas
A41: # | B41: EQUIPO | C41: PILOTO | D41: PTOS. | E41: PILOTO | F41: PTOS. | G41: TOTAL
A42: 1 | B42: SLOTMANIA | C42: Besay Porta | D42: 344 | E42: Ignasi Baldominos | F42: 344 | G42: 688 | H42: RESISBARNA
A43: 2 | B43: EL SOT HORTA | C43: Miquel Bonavida | D43: 260 | E43: Lorenzo Rodriguez | F43: 260 | G43: 520 | H43: RESISBARNA
A44: 3 | B44: EL SOT TEAM | C44: JM Sererols | D44: 259 | E44: Eduard Cerda | F44: 259 | G44: 518 | H44: SCALEAUTO_CUP
A45: 4 | B45: EL SOT FU | C45: Alex Robles | D45: 251 | E45: Jordi Robles | F45: 251 | G45: 502 | H45: RESISBARNA
A46: 5 | B46: SLOTFORYOU | C46: Joel Mendizabal | D46: 251 | E46: Vicens Febrero | F46: 251 | G46: 502 | H46: RESISBARNA
A47: 6 | B47: HOT SLOT FOR YOU | C47: Xavi Cortada | D47: 245 | E47: Adam Parera | F47: 245 | G47: 490 | H47: RESISBARNA

Sheet Inscritos_ENTRENOS_SCM
B7: VIERNES 9 20:00 | C7: MARTES 13 17:00 | D7: MARTES 13 20:00 | E7: MIERCOLES 14 17:00 | F7: MIERCOLES 14 20:00 | G7: JUEVES DIA CARRERA | H7: VIERNES DIA CARRERA
A8: 1 | B8: RAUL RAMIREZ | C8: CESC FIGUERES | D8: OSCAR VILA | E8: CESC FIGUERES | F8: ISRAEL NEVADO | G8: JAUME LLOBET | H8: JOAN FONTANALS
A9: 2 | B9: CRISTIAN DIAZ | C9: ALBERT FIGUEROLA | D9: ISRAEL NEVADO | E9: ALBERT FIGUEROLA | F9: VICTOR GONZALEZ | G9: JORDI MUÑOZ | H9: ENRIC ILLA
A10: 3 | B10: XAVI BELLOT | C10: MIQUEL BONAVIDA | D10: VICTOR GONZALEZ | E10: ALBERTO BOLSA | F10: XAVI CORTADA | G10: DAVID VENDRELL | H10: RAUL EGEA
A11: 4 | B11: JORGE VALDIVIESO | C11: JORDI ROBLES | D11: XAVI CORTADA | E11: LORENZO RODRIGUEZ | F11: ALBERTO BOLSA | H11: ABEL VIZU
A12: 5 | B12: JOEL MENDIZABAL | C12: ALEX ROBLES | D12: ADAM PARERA | E12: JM SERELOS | F12: JM SERELOS | H12: SERGI MARTINEZ
A13: 6 | B13: VICENS FEBRERO | C13: ADAM PARERA | D13: MIQUEL BONAVIDA | E13: BESAY PORTA | F13: EDUARD CERDA | H13: VICTOR LEON
A14: 7 | B14: EDUARD CERDA | D14: LORENZO RODRIGUEZ | E14: JORDI ROBLES | F14: BESAY PORTA | H14: IGNASI BALDOMINOS
A15: 8 | D15: JORDI SIMO | E15: ALEX ROBLES | F15: JOEL MENDIZABAL
A16: 9 | D16: RICHARD AREDONDO | E16: DAVID MERCADER | F16: VICENS FEBRERO
A17: 10 | D17: GABRI RODRIGUEZ | E17: MANEL SORIANO | F17: JORDI SIMO
A18: 11 | F18: DAVID MERCADER
A19: 12 | F19: JORGE VALIDIVIESO
A20: 13 | F20: MANEL SORIANO
A21: 14

Sheet Inscritos_SCM
B5: EQUIPOS INSCRITOS PARA CARRERA SCM
B7: # | C7: EQUIPO | D7: PILOTO | E7: PTOS. | F7: PILOTO2 | G7: PTOS | H7: TOTAL | I7: COPA | J7: DIA
B8: 1 | C8: DZERO SOT | D8: =IFERROR(VLOOKUP(C8,'Listado Pilotos y Equipos'!$B$3:$M$86,2,0),"") -> Israel Nevado | E8: =IFERROR(VLOOKUP(Inscritos_SCM!$D8,Clasificaicon_Pilotos!$B$7:$M$91,12,0),0) -> 178 | F8: =IFERROR(VLOOKUP(C8,'Listado Pilotos y Equipos'!$B$3:$M$86,7,0),"") -> Victor Gonzalez | G8: =IFERROR(VLOOKUP(Inscritos_SCM!$F8,Clasificaicon_Pilotos!$B$7:$M$91,12,0),0) -> 178 | H8: =IF(ISTEXT(E8),0,E8)+IF(ISTEXT(G8),0,G8) -> 356 | I8: =IFERROR(VLOOKUP(C8,'Listado Pilotos y Equipos'!$B$3:$P$86,12,0),"") -> SCALEAUTO_CUP | J8: Jueves
B9: 2 | C9: TOAD TEAM | D9: =IFERROR(VLOOKUP(C9,'Listado Pilotos y Equipos'!$B$3:$M$86,2,0),"") -> Raul Ramírez | E9: =IFERROR(VLOOKUP(Inscritos_SCM!$D9,Clasificaicon_Pilotos!$B$7:$M$91,12,0),0) -> 159 | F9: =IFERROR(VLOOKUP(C9,'Listado Pilotos y Equipos'!$B$3:$M$86,7,0),"") -> Joan Fontanals | G9: =IFERROR(VLOOKUP(Inscritos_SCM!$F9,Clasificaicon_Pilotos!$B$7:$M$91,12,0),0) -> 113 | H9: =IF(ISTEXT(E9),0,E9)+IF(ISTEXT(G9),0,G9) -> 272 | I9: =IFERROR(VLOOKUP(C9,'Listado Pilotos y Equipos'!$B$3:$P$86,12,0),"") -> GT2 | J9: Viernes
B10: 3 | C10: EL SOT FU | D10: =IFERROR(VLOOKUP(C10,'Listado Pilotos y Equipos'!$B$3:$M$86,2,0),"") -> Alex Robles | E10: =IFERROR(VLOOKUP(Inscritos_SCM!$D10,Clasificaicon_Pilotos!$B$7:$M$91,12,0),0) -> 251 | F10: =IFERROR(VLOOKUP(C10,'Listado Pilotos y Equipos'!$B$3:$M$86,7,0),"") -> Jordi Robles | G10: =IFERROR(VLOOKUP(Inscritos_SCM!$F10,Clasificaicon_Pilotos!$B$7:$M$91,12,0),0) -> 251 | H10: =IF(ISTEXT(E10),0,E10)+IF(ISTEXT(G10),0,G10) -> 502 | I10: =IFERROR(VLOOKUP(C10,'Listado Pilotos y Equipos'!$B$3:$P$86,12,0),"") -> RESISBARNA | J10: Viernes
B11: 4 | C11: STP RACING | D11: =IFERROR(VLOOKUP(C11,'Listado Pilotos y Equipos'!$B$3:$M$86,2,0),"") -> Richard Arredondo | E11: =IFERROR(VLOOKUP(Inscritos_SCM!$D11,Clasificaicon_Pilotos!$B$7:$M$91,12,0),0) -> 201 | F11: =IFERROR(VLOOKUP(C11,'Listado Pilotos y Equipos'!$B$3:$M$86,7,0),"") -> Gabriel Rodriguez | G11: =IFERROR(VLOOKUP(Inscritos_SCM!$F11,Clasificaicon_Pilotos!$B$7:$M$91,12,0),0) -> 241 | H11: =IF(ISTEXT(E11),0,E11)+IF(ISTEXT(G11),0,G11) -> 442 | I11: =IFERROR(VLOOKUP(C11,'Listado Pilotos y Equipos'!$B$3:$P$86,12,0),"") -> RESISBARNA | J11: Viernes
B12: 5 | C12: SLOTFOURMANIA | D12: =IFERROR(VLOOKUP(C12,'Listado Pilotos y Equipos'!$B$3:$M$86,2,0),"") -> Jaume Llobet | E12: =IFERROR(VLOOKUP(Inscritos_SCM!$D12,Clasificaicon_Pilotos!$B$7:$M$91,12,0),0) -> 116 | F12: =IFERROR(VLOOKUP(C12,'Listado Pilotos y Equipos'!$B$3:$M$86,7,0),"") -> Oscar Vila | G12: =IFERROR(VLOOKUP(Inscritos_SCM!$F12,Clasificaicon_Pilotos!$B$7:$M$91,12,0),0) -> 156 | H12: =IF(ISTEXT(E12),0,E12)+IF(ISTEXT(G12),0,G12) -> 272 | I12: =IFERROR(VLOOKUP(C12,'Listado Pilotos y Equipos'!$B$3:$P$86,12,0),"") -> GT2 | J12: Jueves
B13: 6 | C13: HOT SLOT FOR YOU | D13: =IFERROR(VLOOKUP(C13,'Listado Pilotos y Equipos'!$B$3:$M$86,2,0),"") -> Xavi Cortada | E13: =IFERROR(VLOOKUP(Inscritos_SCM!$D13,Clasificaicon_Pilotos!$B$7:$M$91,12,0),0) -> 245 | F13: =IFERROR(VLOOKUP(C13,'Listado Pilotos y Equipos'!$B$3:$M$86,7,0),"") -> Adam Parera | G13: =IFERROR(VLOOKUP(Inscritos_SCM!$F13,Clasificaicon_Pilotos!$B$7:$M$91,12,0),0) -> 245 | H13: =IF(ISTEXT(E13),0,E13)+IF(ISTEXT(G13),0,G13) -> 490 | I13: =IFERROR(VLOOKUP(C13,'Listado Pilotos y Equipos'!$B$3:$P$86,12,0),"") -> RESISBARNA | J13: Viernes
B14: 7 | C14: GASCLAVAT FEELGOOD | D14: =IFERROR(VLOOKUP(C14,'Listado Pilotos y Equipos'!$B$3:$M$86,2,0),"") -> Xavi Bellot | E14: =IFERROR(VLOOKUP(Inscritos_SCM!$D14,Clasificaicon_Pilotos!$B$7:$M$91,12,0),0) -> 180 | F14: =IFERROR(VLOOKUP(C14,'Listado Pilotos y Equipos'!$B$3:$M$86,7,0),"") -> Cristian Diaz | G14: =IFERROR(VLOOKUP(Inscritos_SCM!$F14,Clasificaicon_Pilotos!$B$7:$M$91,12,0),0) -> 180 | H14: =IF(ISTEXT(E14),0,E14)+IF(ISTEXT(G14),0,G14) -> 360 | I14: =IFERROR(VLOOKUP(C14,'Listado Pilotos y Equipos'!$B$3:$P$86,12,0),"") -> GT2 | J14: Jueves
B15: 8 | C15: TRELEC | D15: =IFERROR(VLOOKUP(C15,'Listado Pilotos y Equipos'!$B$3:$M$86,2,0),"") -> Albert Figuerola | E15: =IFERROR(VLOOKUP(Inscritos_SCM!$D15,Clasificaicon_Pilotos!$B$7:$M$91,12,0),0) -> 185 | F15: =IFERROR(VLOOKUP(C15,'Listado Pilotos y Equipos'!$B$3:$M$86,7,0),"") -> Cesc Figueras | G15: =IFERROR(VLOOKUP(Inscritos_SCM!$F15,Clasificaicon_Pilotos!$B$7:$M$91,12,0),0) -> 185 | H15: =IF(ISTEXT(E15),0,E15)+IF(ISTEXT(G15),0,G15) -> 370 | I15: =IFERROR(VLOOKUP(C15,'Listado Pilotos y Equipos'!$B$3:$P$86,12,0),"") -> GT2 | J15: Jueves
B16: 9 | C16: EL SOT CALAVERAS | D16: =IFERROR(VLOOKUP(C16,'Listado Pilotos y Equipos'!$B$3:$M$86,2,0),"") -> Jorge Valdivieso | E16: =IFERROR(VLOOKUP(Inscritos_SCM!$D16,Clasificaicon_Pilotos!$B$7:$M$91,12,0),0) -> 178 | F16: =IFERROR(VLOOKUP(C16,'Listado Pilotos y Equipos'!$B$3:$M$86,7,0),"") -> Alberto Bolsa | G16: =IFERROR(VLOOKUP(Inscritos_SCM!$F16,Clasificaicon_Pilotos!$B$7:$M$91,12,0),0) -> 178 | H16: =IF(ISTEXT(E16),0,E16)+IF(ISTEXT(G16),0,G16) -> 356 | I16: =IFERROR(VLOOKUP(C16,'Listado Pilotos y Equipos'!$B$3:$P$86,12,0),"") -> GT2 | J16: Jueves
B17: 10 | C17: EL SOT HORTA | D17: =IFERROR(VLOOKUP(C17,'Listado Pilotos y Equipos'!$B$3:$M$86,2,0),"") -> Miquel Bonavida | E17: =IFERROR(VLOOKUP(Inscritos_SCM!$D17,Clasificaicon_Pilotos!$B$7:$M$91,12,0),0) -> 260 | F17: =IFERROR(VLOOKUP(C17,'Listado Pilotos y Equipos'!$B$3:$M$86,7,0),"") -> Lorenzo Rodriguez | G17: =IFERROR(VLOOKUP(Inscritos_SCM!$F17,Clasificaicon_Pilotos!$B$7:$M$91,12,0),0) -> 260 | H17: =IF(ISTEXT(E17),0,E17)+IF(ISTEXT(G17),0,G17) -> 520 | I17: =IFERROR(VLOOKUP(C17,'Listado Pilotos y Equipos'!$B$3:$P$86,12,0),"") -> RESISBARNA | J17: Viernes
B18: 11 | C18: OSOTNA | D18: =IFERROR(VLOOKUP(C18,'Listado Pilotos y Equipos'!$B$3:$M$86,2,0),"") -> Manel Soriano | E18: =IFERROR(VLOOKUP(Inscritos_SCM!$D18,Clasificaicon_Pilotos!$B$7:$M$91,12,0),0) -> 186 | F18: =IFERROR(VLOOKUP(C18,'Listado Pilotos y Equipos'!$B$3:$M$86,7,0),"") -> David Mercader | G18: =IFERROR(VLOOKUP(Inscritos_SCM!$F18,Clasificaicon_Pilotos!$B$7:$M$91,12,0),0) -> 186 | H18: =IF(ISTEXT(E18),0,E18)+IF(ISTEXT(G18),0,G18) -> 372 | I18: =IFERROR(VLOOKUP(C18,'Listado Pilotos y Equipos'!$B$3:$P$86,12,0),"") -> RESISBARNA | J18: Viernes
B19: 12 | C19: ESTEL·LATS | D19: =IFERROR(VLOOKUP(C19,'Listado Pilotos y Equipos'!$B$3:$M$86,2,0),"") -> Enric Illa | E19: =IFERROR(VLOOKUP(Inscritos_SCM!$D19,Clasificaicon_Pilotos!$B$7:$M$91,12,0),0) -> 175 | F19: =IFERROR(VLOOKUP(C19,'Listado Pilotos y Equipos'!$B$3:$M$86,7,0),"") -> Jordi Simo | G19: =IFERROR(VLOOKUP(Inscritos_SCM!$F19,Clasificaicon_Pilotos!$B$7:$M$91,12,0),0) -> 175 | H19: =IF(ISTEXT(E19),0,E19)+IF(ISTEXT(G19),0,G19) -> 350 | I19: =IFERROR(VLOOKUP(C19,'Listado Pilotos y Equipos'!$B$3:$P$86,12,0),"") -> RESISBARNA | J19: Viernes
... B29: 22 | C29: SLOTSAB OSJO | D29: =IFERROR(VLOOKUP(C29,'Listado Pilotos y Equipos'!$B$3:$M$86,2,0),"") -> Jose Maria Martinez | E29: =IFERROR(VLOOKUP(Inscritos_SCM!$D29,Clasificaicon_Pilotos!$B$7:$M$91,12,0),0) -> 128 | F29: =IFERROR(VLOOKUP(C29,'Listado Pilotos y Equipos'!$B$3:$M$86,7,0),"") -> Guillem Asins | G29: =IFERROR(VLOOKUP(Inscritos_SCM!$F29,Clasificaicon_Pilotos!$B$7:$M$91,12,0),0) -> 0 | H29: =IF(ISTEXT(E29),0,E29)+IF(ISTEXT(G29),0,G29) -> 128 | I29: =IFERROR(VLOOKUP(C29,'Listado Pilotos y Equipos'!$B$3:$P$86,12,0),"") -> SCALEAUTO_CUP | J29: Jueves
B30: 23 | D30: =IFERROR(VLOOKUP(C30,'Listado Pilotos y Equipos'!$B$3:$M$86,2,0),"") | E30: =IFERROR(VLOOKUP(Inscritos_SCM!$D30,Clasificaicon_Pilotos!$B$7:$M$91,12,0),0) -> 0 | F30: =IFERROR(VLOOKUP(C30,'Listado Pilotos y Equipos'!$B$3:$M$86,7,0),"") | G30: =IFERROR(VLOOKUP(Inscritos_SCM!$F30,Clasificaicon_Pilotos!$B$7:$M$91,12,0),0) -> 0 | H30: =IF(ISTEXT(E30),0,E30)+IF(ISTEXT(G30),0,G30) -> 0 | I30: =IFERROR(VLOOKUP(C30,'Listado Pilotos y Equipos'!$B$3:$P$86,12,0),"")
B31: 24 | D31: =IFERROR(VLOOKUP(C31,'Listado Pilotos y Equipos'!$B$3:$M$86,2,0),"") | E31: =IFERROR(VLOOKUP(Inscritos_SCM!$D31,Clasificaicon_Pilotos!$B$7:$M$91,12,0),0) -> 0 | F31: =IFERROR(VLOOKUP(C31,'Listado Pilotos y Equipos'!$B$3:$M$86,7,0),"") | G31: =IFERROR(VLOOKUP(Inscritos_SCM!$F31,Clasificaicon_Pilotos!$B$7:$M$91,12,0),0) -> 0 | H31: =IF(ISTEXT(E31),0,E31)+IF(ISTEXT(G31),0,G31) -> 0 | I31: =IFERROR(VLOOKUP(C31,'Listado Pilotos y Equipos'!$B$3:$P$86,12,0),"")
B32: 25 | D32: =IFERROR(VLOOKUP(C32,'Listado Pilotos y Equipos'!$B$3:$M$86,2,0),"") | E32: =IFERROR(VLOOKUP(Inscritos_SCM!$D32,Clasificaicon_Pilotos!$B$7:$M$91,12,0),0) -> 0 | F32: =IFERROR(VLOOKUP(C32,'Listado Pilotos y Equipos'!$B$3:$M$86,7,0),"") | G32: =IFERROR(VLOOKUP(Inscritos_SCM!$F32,Clasificaicon_Pilotos!$B$7:$M$91,12,0),0) -> 0 | H32: =IF(ISTEXT(E32),0,E32)+IF(ISTEXT(G32),0,G32) -> 0 | I32: =IFERROR(VLOOKUP(C32,'Listado Pilotos y Equipos'!$B$3:$P$86,12,0),"")
B33: 26 | D33: =IFERROR(VLOOKUP(C33,'Listado Pilotos y Equipos'!$B$3:$M$86,2,0),"") | E33: =IFERROR(VLOOKUP(Inscritos_SCM!$D33,Clasificaicon_Pilotos!$B$7:$M$91,12,0),0) -> 0 | F33: =IFERROR(VLOOKUP(C33,'Listado Pilotos y Equipos'!$B$3:$M$86,7,0),"") | G33: =IFERROR(VLOOKUP(Inscritos_SCM!$F33,Clasificaicon_Pilotos!$B$7:$M$91,12,0),0) -> 0 | H33: =IF(ISTEXT(E33),0,E33)+IF(ISTEXT(G33),0,G33) -> 0 | I33: =IFERROR(VLOOKUP(C33,'Listado Pilotos y Equipos'!$B$3:$P$86,12,0),"")
B34: 27 | D34: =IFERROR(VLOOKUP(C34,'Listado Pilotos y Equipos'!$B$3:$M$86,2,0),"") | E34: =IFERROR(VLOOKUP(Inscritos_SCM!$D34,Clasificaicon_Pilotos!$B$7:$M$91,12,0),0) -> 0 | F34: =IFERROR(VLOOKUP(C34,'Listado Pilotos y Equipos'!$B$3:$M$86,7,0),"") | G34: =IFERROR(VLOOKUP(Inscritos_SCM!$F34,Clasificaicon_Pilotos!$B$7:$M$91,12,0),0) -> 0 | H34: =IF(ISTEXT(E34),0,E34)+IF(ISTEXT(G34),0,G34) -> 0 | I34: =IFERROR(VLOOKUP(C34,'Listado Pilotos y Equipos'!$B$3:$P$86,12,0),"")
B35: 28 | D35: =IFERROR(VLOOKUP(C35,'Listado Pilotos y Equipos'!$B$3:$M$86,2,0),"") | E35: =IFERROR(VLOOKUP(Inscritos_SCM!$D35,Clasificaicon_Pilotos!$B$7:$M$91,12,0),0) -> 0 | F35: =IFERROR(VLOOKUP(C35,'Listado Pilotos y Equipos'!$B$3:$M$86,7,0),"") | G35: =IFERROR(VLOOKUP(Inscritos_SCM!$F35,Clasificaicon_Pilotos!$B$7:$M$91,12,0),0) -> 0 | H35: =IF(ISTEXT(E35),0,E35)+IF(ISTEXT(G35),0,G35) -> 0 | I35: =IFERROR(VLOOKUP(C35,'Listado Pilotos y Equipos'!$B$3:$P$86,12,0),"")
B36: 29 | D36: =IFERROR(VLOOKUP(C36,'Listado Pilotos y Equipos'!$B$3:$M$86,2,0),"") | E36: =IFERROR(VLOOKUP(Inscritos_SCM!$D36,Clasificaicon_Pilotos!$B$7:$M$91,12,0),0) -> 0 | F36: =IFERROR(VLOOKUP(C36,'Listado Pilotos y Equipos'!$B$3:$M$86,7,0),"") | G36: =IFERROR(VLOOKUP(Inscritos_SCM!$F36,Clasificaicon_Pilotos!$B$7:$M$91,12,0),0) -> 0 | H36: =IF(ISTEXT(E36),0,E36)+IF(ISTEXT(G36),0,G36) -> 0 | I36: =IFERROR(VLOOKUP(C36,'Listado Pilotos y Equipos'!$B$3:$P$86,12,0),"")
B37: 30 | D37: =IFERROR(VLOOKUP(C37,'Listado Pilotos y Equipos'!$B$3:$M$86,2,0),"") | E37: =IFERROR(VLOOKUP(Inscritos_SCM!$D37,Clasificaicon_Pilotos!$B$7:$M$91,12,0),0) -> 0 | F37: =IFERROR(VLOOKUP(C37,'Listado Pilotos y Equipos'!$B$3:$M$86,7,0),"") | G37: =IFERROR(VLOOKUP(Inscritos_SCM!$F37,Clasificaicon_Pilotos!$B$7:$M$91,12,0),0) -> 0 | H37: =IF(ISTEXT(E37),0,E37)+IF(ISTEXT(G37),0,G37) -> 0 | I37: =IFERROR(VLOOKUP(C37,'Listado Pilotos y Equipos'!$B$3:$P$86,12,0),"")
B38: 31 | D38: =IFERROR(VLOOKUP(C38,'Listado Pilotos y Equipos'!$B$3:$M$86,2,0),"") | E38: =IFERROR(VLOOKUP(Inscritos_SCM!$D38,Clasificaicon_Pilotos!$B$7:$M$91,12,0),0) -> 0 | F38: =IFERROR(VLOOKUP(C38,'Listado Pilotos y Equipos'!$B$3:$M$86,7,0),"") | G38: =IFERROR(VLOOKUP(Inscritos_SCM!$F38,Clasificaicon_Pilotos!$B$7:$M$91,12,0),0) -> 0 | H38: =IF(ISTEXT(E38),0,E38)+IF(ISTEXT(G38),0,G38) -> 0 | I38: =IFERROR(VLOOKUP(C38,'Listado Pilotos y Equipos'!$B$3:$P$86,12,0),"")
B39: 32 | D39: =IFERROR(VLOOKUP(C39,'Listado Pilotos y Equipos'!$B$3:$M$86,2,0),"") | E39: =IFERROR(VLOOKUP(Inscritos_SCM!$D39,Clasificaicon_Pilotos!$B$7:$M$91,12,0),0) -> 0 | F39: =IFERROR(VLOOKUP(C39,'Listado Pilotos y Equipos'!$B$3:$M$86,7,0),"") | G39: =IFERROR(VLOOKUP(Inscritos_SCM!$F39,Clasificaicon_Pilotos!$B$7:$M$91,12,0),0) -> 0 | H39: =IF(ISTEXT(E39),0,E39)+IF(ISTEXT(G39),0,G39) -> 0 | I39: =IFERROR(VLOOKUP(C39,'Listado Pilotos y Equipos'!$B$3:$P$86,12,0),"")
B40: 33 | D40: =IFERROR(VLOOKUP(C40,'Listado Pilotos y Equipos'!$B$3:$M$86,2,0),"") | E40: =IFERROR(VLOOKUP(Inscritos_SCM!$D40,Clasificaicon_Pilotos!$B$7:$M$91,12,0),0) -> 0 | F40: =IFERROR(VLOOKUP(C40,'Listado Pilotos y Equipos'!$B$3:$M$86,7,0),"") | G40: =IFERROR(VLOOKUP(Inscritos_SCM!$F40,Clasificaicon_Pilotos!$B$7:$M$91,12,0),0) -> 0 | H40: =IF(ISTEXT(E40),0,E40)+IF(ISTEXT(G40),0,G40) -> 0 | I40: =IFERROR(VLOOKUP(C40,'Listado Pilotos y Equipos'!$B$3:$P$86,12,0),"")
B41: 34 | D41: =IFERROR(VLOOKUP(C41,'Listado Pilotos y Equipos'!$B$3:$M$86,2,0),"") | E41: =IFERROR(VLOOKUP(Inscritos_SCM!$D41,Clasificaicon_Pilotos!$B$7:$M$91,12,0),0) -> 0 | F41: =IFERROR(VLOOKUP(C41,'Listado Pilotos y Equipos'!$B$3:$M$86,7,0),"") | G41: =IFERROR(VLOOKUP(Inscritos_SCM!$F41,Clasificaicon_Pilotos!$B$7:$M$91,12,0),0) -> 0 | H41: =IF(ISTEXT(E41),0,E41)+IF(ISTEXT(G41),0,G41) -> 0 | I41: =IFERROR(VLOOKUP(C41,'Listado Pilotos y Equipos'!$B$3:$P$86,12,0),"")
... B51: 44 | D51: =IFERROR(VLOOKUP(C51,'Listado Pilotos y Equipos'!$B$3:$M$86,2,0),"") | E51: =IFERROR(VLOOKUP(Inscritos_SCM!$D51,Clasificaicon_Pilotos!$B$7:$M$91,12,0),0) -> 0 | F51: =IFERROR(VLOOKUP(C51,'Listado Pilotos y Equipos'!$B$3:$M$86,7,0),"") | G51: =IFERROR(VLOOKUP(Inscritos_SCM!$F51,Clasificaicon_Pilotos!$B$7:$M$91,12,0),0) -> 0 | H51: =IF(ISTEXT(E51),0,E51)+IF(ISTEXT(G51),0,G51) -> 0 | I51: =IFERROR(VLOOKUP(C51,'Listado Pilotos y Equipos'!$B$3:$P$86,12,0),"")

Sheet Inscritos_SLOTSAB
B5: EQUIPOS INSCRITOS PARA CARRERA SLOTSAB
B7: # | C7: EQUIPO | D7: PILOTO | E7: PTOS. | F7: PILOTO2 | G7: PTOS | H7: TOTAL | I7: COPA | J7: DIA
B8: 27 | C8: SLOTMANIA | D8: =IFERROR(VLOOKUP(C8,'Listado Pilotos y Equipos'!$B$3:$M$86,2,0),"") -> Besay Porta | E8: =IFERROR(VLOOKUP(Inscritos_SLOTSAB!$D8,Clasificaicon_Pilotos!$B$7:$M$91,12,0),0) -> 344 | F8: =IFERROR(VLOOKUP(C8,'Listado Pilotos y Equipos'!$B$3:$M$86,7,0),"") -> Ignasi Baldominos | G8: =IFERROR(VLOOKUP(Inscritos_SLOTSAB!$F8,Clasificaicon_Pilotos!$B$7:$M$91,12,0),0) -> 344 | H8: =IF(ISTEXT(E8),0,E8)+IF(ISTEXT(G8),0,G8) -> 688 | I8: =IFERROR(VLOOKUP(C8,'Listado Pilotos y Equipos'!$B$3:$P$86,12,0),"") -> RESISBARNA | J8: VIERNES
B9: 2 | C9: EL SOT FU | D9: =IFERROR(VLOOKUP(C9,'Listado Pilotos y Equipos'!$B$3:$M$86,2,0),"") -> Alex Robles | E9: =IFERROR(VLOOKUP(Inscritos_SLOTSAB!$D9,Clasificaicon_Pilotos!$B$7:$M$91,12,0),0) -> 251 | F9: =IFERROR(VLOOKUP(C9,'Listado Pilotos y Equipos'!$B$3:$M$86,7,0),"") -> Jordi Robles | G9: =IFERROR(VLOOKUP(Inscritos_SLOTSAB!$F9,Clasificaicon_Pilotos!$B$7:$M$91,12,0),0) -> 251 | H9: =IF(ISTEXT(E9),0,E9)+IF(ISTEXT(G9),0,G9) -> 502 | I9: =IFERROR(VLOOKUP(C9,'Listado Pilotos y Equipos'!$B$3:$P$86,12,0),"") -> RESISBARNA | J9: VIERNES
B10: 3 | C10: EL SOT TEAM | D10: =IFERROR(VLOOKUP(C10,'Listado Pilotos y Equipos'!$B$3:$M$86,2,0),"") -> JM Sererols | E10: =IFERROR(VLOOKUP(Inscritos_SLOTSAB!$D10,Clasificaicon_Pilotos!$B$7:$M$91,12,0),0) -> 259 | F10: =IFERROR(VLOOKUP(C10,'Listado Pilotos y Equipos'!$B$3:$M$86,7,0),"") -> Eduard Cerda | G10: =IFERROR(VLOOKUP(Inscritos_SLOTSAB!$F10,Clasificaicon_Pilotos!$B$7:$M$91,12,0),0) -> 259 | H10: =IF(ISTEXT(E10),0,E10)+IF(ISTEXT(G10),0,G10) -> 518 | I10: =IFERROR(VLOOKUP(C10,'Listado Pilotos y Equipos'!$B$3:$P$86,12,0),"") -> SCALEAUTO_CUP | J10: VIERNES
B11: 4 | C11: EL SOT HORTA | D11: =IFERROR(VLOOKUP(C11,'Listado Pilotos y Equipos'!$B$3:$M$86,2,0),"") -> Miquel Bonavida | E11: =IFERROR(VLOOKUP(Inscritos_SLOTSAB!$D11,Clasificaicon_Pilotos!$B$7:$M$91,12,0),0) -> 260 | F11: =IFERROR(VLOOKUP(C11,'Listado Pilotos y Equipos'!$B$3:$M$86,7,0),"") -> Lorenzo Rodriguez | G11: =IFERROR(VLOOKUP(Inscritos_SLOTSAB!$F11,Clasificaicon_Pilotos!$B$7:$M$91,12,0),0) -> 260 | H11: =IF(ISTEXT(E11),0,E11)+IF(ISTEXT(G11),0,G11) -> 520 | I11: =IFERROR(VLOOKUP(C11,'Listado Pilotos y Equipos'!$B$3:$P$86,12,0),"") -> RESISBARNA | J11: VIERNES
B12: 8 | C12: HOT SLOT FOR YOU | D12: =IFERROR(VLOOKUP(C12,'Listado Pilotos y Equipos'!$B$3:$M$86,2,0),"") -> Xavi Cortada | E12: =IFERROR(VLOOKUP(Inscritos_SLOTSAB!$D12,Clasificaicon_Pilotos!$B$7:$M$91,12,0),0) -> 245 | F12: =IFERROR(VLOOKUP(C12,'Listado Pilotos y Equipos'!$B$3:$M$86,7,0),"") -> Adam Parera | G12: =IFERROR(VLOOKUP(Inscritos_SLOTSAB!$F12,Clasificaicon_Pilotos!$B$7:$M$91,12,0),0) -> 245 | H12: =IF(ISTEXT(E12),0,E12)+IF(ISTEXT(G12),0,G12) -> 490 | I12: =IFERROR(VLOOKUP(C12,'Listado Pilotos y Equipos'!$B$3:$P$86,12,0),"") -> RESISBARNA | J12: VIERNES
B13: 9 | C13: SLOTFORYOU | D13: =IFERROR(VLOOKUP(C13,'Listado Pilotos y Equipos'!$B$3:$M$86,2,0),"") -> Joel Mendizabal | E13: =IFERROR(VLOOKUP(Inscritos_SLOTSAB!$D13,Clasificaicon_Pilotos!$B$7:$M$91,12,0),0) -> 251 | F13: =IFERROR(VLOOKUP(C13,'Listado Pilotos y Equipos'!$B$3:$M$86,7,0),"") -> Vicens Febrero | G13: =IFERROR(VLOOKUP(Inscritos_SLOTSAB!$F13,Clasificaicon_Pilotos!$B$7:$M$91,12,0),0) -> 251 | H13: =IF(ISTEXT(E13),0,E13)+IF(ISTEXT(G13),0,G13) -> 502 | I13: =IFERROR(VLOOKUP(C13,'Listado Pilotos y Equipos'!$B$3:$P$86,12,0),"") -> RESISBARNA | J13: VIERNES
B14: 10 | C14: STP RACING | D14: =IFERROR(VLOOKUP(C14,'Listado Pilotos y Equipos'!$B$3:$M$86,2,0),"") -> Richard Arredondo | E14: =IFERROR(VLOOKUP(Inscritos_SLOTSAB!$D14,Clasificaicon_Pilotos!$B$7:$M$91,12,0),0) -> 201 | F14: =IFERROR(VLOOKUP(C14,'Listado Pilotos y Equipos'!$B$3:$M$86,7,0),"") -> Gabriel Rodriguez | G14: =IFERROR(VLOOKUP(Inscritos_SLOTSAB!$F14,Clasificaicon_Pilotos!$B$7:$M$91,12,0),0) -> 241 | H14: =IF(ISTEXT(E14),0,E14)+IF(ISTEXT(G14),0,G14) -> 442 | I14: =IFERROR(VLOOKUP(C14,'Listado Pilotos y Equipos'!$B$3:$P$86,12,0),"") -> RESISBARNA | J14: VIERNES
B15: 1 | C15: DZERO SOT | D15: =IFERROR(VLOOKUP(C15,'Listado Pilotos y Equipos'!$B$3:$M$86,2,0),"") -> Israel Nevado | E15: =IFERROR(VLOOKUP(Inscritos_SLOTSAB!$D15,Clasificaicon_Pilotos!$B$7:$M$91,12,0),0) -> 178 | F15: =IFERROR(VLOOKUP(C15,'Listado Pilotos y Equipos'!$B$3:$M$86,7,0),"") -> Victor Gonzalez | G15: =IFERROR(VLOOKUP(Inscritos_SLOTSAB!$F15,Clasificaicon_Pilotos!$B$7:$M$91,12,0),0) -> 178 | H15: =IF(ISTEXT(E15),0,E15)+IF(ISTEXT(G15),0,G15) -> 356 | I15: =IFERROR(VLOOKUP(C15,'Listado Pilotos y Equipos'!$B$3:$P$86,12,0),"") -> SCALEAUTO_CUP | J15: JUEVES
B16: 13 | C16: OSOTNA | D16: =IFERROR(VLOOKUP(C16,'Listado Pilotos y Equipos'!$B$3:$M$86,2,0),"") -> Manel Soriano | E16: =IFERROR(VLOOKUP(Inscritos_SLOTSAB!$D16,Clasificaicon_Pilotos!$B$7:$M$91,12,0),0) -> 186 | F16: =IFERROR(VLOOKUP(C16,'Listado Pilotos y Equipos'!$B$3:$M$86,7,0),"") -> David Mercader | G16: =IFERROR(VLOOKUP(Inscritos_SLOTSAB!$F16,Clasificaicon_Pilotos!$B$7:$M$91,12,0),0) -> 186 | H16: =IF(ISTEXT(E16),0,E16)+IF(ISTEXT(G16),0,G16) -> 372 | I16: =IFERROR(VLOOKUP(C16,'Listado Pilotos y Equipos'!$B$3:$P$86,12,0),"") -> RESISBARNA | J16: VIERNES
B17: 14 | C17: EL SOT CALAVERAS | D17: =IFERROR(VLOOKUP(C17,'Listado Pilotos y Equipos'!$B$3:$M$86,2,0),"") -> Jorge Valdivieso | E17: =IFERROR(VLOOKUP(Inscritos_SLOTSAB!$D17,Clasificaicon_Pilotos!$B$7:$M$91,12,0),0) -> 178 | F17: =IFERROR(VLOOKUP(C17,'Listado Pilotos y Equipos'!$B$3:$M$86,7,0),"") -> Alberto Bolsa | G17: =IFERROR(VLOOKUP(Inscritos_SLOTSAB!$F17,Clasificaicon_Pilotos!$B$7:$M$91,12,0),0) -> 178 | H17: =IF(ISTEXT(E17),0,E17)+IF(ISTEXT(G17),0,G17) -> 356 | I17: =IFERROR(VLOOKUP(C17,'Listado Pilotos y Equipos'!$B$3:$P$86,12,0),"") -> GT2 | J17: VIERNES
B18: 6 | C18: GASCLAVAT FEELGOOD | D18: =IFERROR(VLOOKUP(C18,'Listado Pilotos y Equipos'!$B$3:$M$86,2,0),"") -> Xavi Bellot | E18: =IFERROR(VLOOKUP(Inscritos_SLOTSAB!$D18,Clasificaicon_Pilotos!$B$7:$M$91,12,0),0) -> 180 | F18: =IFERROR(VLOOKUP(C18,'Listado Pilotos y Equipos'!$B$3:$M$86,7,0),"") -> Cristian Diaz | G18: =IFERROR(VLOOKUP(Inscritos_SLOTSAB!$F18,Clasificaicon_Pilotos!$B$7:$M$91,12,0),0) -> 180 | H18: =IF(ISTEXT(E18),0,E18)+IF(ISTEXT(G18),0,G18) -> 360 | I18: =IFERROR(VLOOKUP(C18,'Listado Pilotos y Equipos'!$B$3:$P$86,12,0),"") -> GT2 | J18: SABADO
B19: 5 | C19: TRELEC | D19: =IFERROR(VLOOKUP(C19,'Listado Pilotos y Equipos'!$B$3:$M$86,2,0),"") -> Albert Figuerola | E19: =IFERROR(VLOOKUP(Inscritos_SLOTSAB!$D19,Clasificaicon_Pilotos!$B$7:$M$91,12,0),0) -> 185 | F19: =IFERROR(VLOOKUP(C19,'Listado Pilotos y Equipos'!$B$3:$M$86,7,0),"") -> Cesc Figueras | G19: =IFERROR(VLOOKUP(Inscritos_SLOTSAB!$F19,Clasificaicon_Pilotos!$B$7:$M$91,12,0),0) -> 185 | H19: =IF(ISTEXT(E19),0,E19)+IF(ISTEXT(G19),0,G19) -> 370 | I19: =IFERROR(VLOOKUP(C19,'Listado Pilotos y Equipos'!$B$3:$P$86,12,0),"") -> GT2 | J19: SABADO
... B28: 19 | C28: NOUTEAM SLOT_ | D28: =IFERROR(VLOOKUP(C28,'Listado Pilotos y Equipos'!$B$3:$M$86,2,0),"") -> Jordi Muñoz | E28: =IFERROR(VLOOKUP(Inscritos_SLOTSAB!$D28,Clasificaicon_Pilotos!$B$7:$M$91,12,0),0) -> 111 | F28: =IFERROR(VLOOKUP(C28,'Listado Pilotos y Equipos'!$B$3:$M$86,7,0),"") -> David Vendrell | G28: =IFERROR(VLOOKUP(Inscritos_SLOTSAB!$F28,Clasificaicon_Pilotos!$B$7:$M$91,12,0),0) -> 83 | H28: =IF(ISTEXT(E28),0,E28)+IF(ISTEXT(G28),0,G28) -> 194 | I28: =IFERROR(VLOOKUP(C28,'Listado Pilotos y Equipos'!$B$3:$P$86,12,0),"") -> GT2 | J28: JUEVES
B29: 12 | C29: SCM | D29: =IFERROR(VLOOKUP(C29,'Listado Pilotos y Equipos'!$B$3:$M$86,2,0),"") -> Edgar Carmona | E29: 24 | F29: =IFERROR(VLOOKUP(C29,'Listado Pilotos y Equipos'!$B$3:$M$86,7,0),"") -> Jordi Cantos | G29: =IFERROR(VLOOKUP(Inscritos_SLOTSAB!$F29,Clasificaicon_Pilotos!$B$7:$M$91,12,0),0) -> 136 | H29: =IF(ISTEXT(E29),0,E29)+IF(ISTEXT(G29),0,G29) -> 160 | I29: =IFERROR(VLOOKUP(C29,'Listado Pilotos y Equipos'!$B$3:$P$86,12,0),"") -> GT2 | J29: SABADO
B30: 23 | C30: EQUIP VALLES | D30: =IFERROR(VLOOKUP(C30,'Listado Pilotos y Equipos'!$B$3:$M$86,2,0),"") -> Dani Gonzalez | E30: =IFERROR(VLOOKUP(Inscritos_SLOTSAB!$D30,Clasificaicon_Pilotos!$B$7:$M$91,12,0),0) -> 93 | F30: =IFERROR(VLOOKUP(C30,'Listado Pilotos y Equipos'!$B$3:$M$86,7,0),"") -> Valeri Jonama | G30: =IFERROR(VLOOKUP(Inscritos_SLOTSAB!$F30,Clasificaicon_Pilotos!$B$7:$M$91,12,0),0) -> 139 | H30: =IF(ISTEXT(E30),0,E30)+IF(ISTEXT(G30),0,G30) -> 232 | I30: =IFERROR(VLOOKUP(C30,'Listado Pilotos y Equipos'!$B$3:$P$86,12,0),"") -> RESISBARNA | J30: VIERNES
B31: 11 | C31: MILLUI | D31: =IFERROR(VLOOKUP(C31,'Listado Pilotos y Equipos'!$B$3:$M$86,2,0),"") -> Lluis aldea | E31: =IFERROR(VLOOKUP(Inscritos_SLOTSAB!$D31,Clasificaicon_Pilotos!$B$7:$M$91,12,0),0) -> 79 | F31: =IFERROR(VLOOKUP(C31,'Listado Pilotos y Equipos'!$B$3:$M$86,7,0),"") -> Miki Teres | G31: =IFERROR(VLOOKUP(Inscritos_SLOTSAB!$F31,Clasificaicon_Pilotos!$B$7:$M$91,12,0),0) -> 31 | H31: =IF(ISTEXT(E31),0,E31)+IF(ISTEXT(G31),0,G31) -> 110 | I31: =IFERROR(VLOOKUP(C31,'Listado Pilotos y Equipos'!$B$3:$P$86,12,0),"") -> GT2 | J31: JUEVES
B32: 22 | C32: CRONO1_ | D32: =IFERROR(VLOOKUP(C32,'Listado Pilotos y Equipos'!$B$3:$M$86,2,0),"") -> Javier Muñoz | E32: =IFERROR(VLOOKUP(Inscritos_SLOTSAB!$D32,Clasificaicon_Pilotos!$B$7:$M$91,12,0),0) -> 115 | F32: =IFERROR(VLOOKUP(C32,'Listado Pilotos y Equipos'!$B$3:$M$86,7,0),"") -> Marius Magro | G32: =IFERROR(VLOOKUP(Inscritos_SLOTSAB!$F32,Clasificaicon_Pilotos!$B$7:$M$91,12,0),0) -> 54 | H32: =IF(ISTEXT(E32),0,E32)+IF(ISTEXT(G32),0,G32) -> 169 | I32: =IFERROR(VLOOKUP(C32,'Listado Pilotos y Equipos'!$B$3:$P$86,12,0),"") -> SCALEAUTO_CUP | J32: VIERNES
B33: 20 | C33: SAB ARRAS | D33: =IFERROR(VLOOKUP(C33,'Listado Pilotos y Equipos'!$B$3:$M$86,2,0),"") -> Raul Egea | E33: =IFERROR(VLOOKUP(Inscritos_SLOTSAB!$D33,Clasificaicon_Pilotos!$B$7:$M$91,12,0),0) -> 85 | F33: =IFERROR(VLOOKUP(C33,'Listado Pilotos y Equipos'!$B$3:$M$86,7,0),"") -> Abel Vizu | G33: =IFERROR(VLOOKUP(Inscritos_SLOTSAB!$F33,Clasificaicon_Pilotos!$B$7:$M$91,12,0),0) -> 85 | H33: =IF(ISTEXT(E33),0,E33)+IF(ISTEXT(G33),0,G33) -> 170 | I33: =IFERROR(VLOOKUP(C33,'Listado Pilotos y Equipos'!$B$3:$P$86,12,0),"") -> SCALEAUTO_CUP | J33: JUEVES
B34: 25 | C34: SLOTSAB TEAM PIQUERAS | D34: =IFERROR(VLOOKUP(C34,'Listado Pilotos y Equipos'!$B$3:$M$86,2,0),"") -> Ismael Piqueras | E34: =IFERROR(VLOOKUP(Inscritos_SLOTSAB!$D34,Clasificaicon_Pilotos!$B$7:$M$91,12,0),0) -> 31 | F34: =IFERROR(VLOOKUP(C34,'Listado Pilotos y Equipos'!$B$3:$M$86,7,0),"") -> Eric Piqueras | G34: =IFERROR(VLOOKUP(Inscritos_SLOTSAB!$F34,Clasificaicon_Pilotos!$B$7:$M$91,12,0),0) -> 0 | H34: =IF(ISTEXT(E34),0,E34)+IF(ISTEXT(G34),0,G34) -> 31 | I34: RESISBARNA | J34: SABADO
B35: 28 | D35: =IFERROR(VLOOKUP(C35,'Listado Pilotos y Equipos'!$B$3:$M$86,2,0),"") | E35: =IFERROR(VLOOKUP(Inscritos_SLOTSAB!$D35,Clasificaicon_Pilotos!$B$7:$M$91,12,0),0) -> 0 | F35: =IFERROR(VLOOKUP(C35,'Listado Pilotos y Equipos'!$B$3:$M$86,7,0),"") | G35: =IFERROR(VLOOKUP(Inscritos_SLOTSAB!$F35,Clasificaicon_Pilotos!$B$7:$M$91,12,0),0) -> 0 | H35: =IF(ISTEXT(E35),0,E35)+IF(ISTEXT(G35),0,G35) -> 0 | I35: =IFERROR(VLOOKUP(C35,'Listado Pilotos y Equipos'!$B$3:$P$86,12,0),"")
B36: 29 | D36: =IFERROR(VLOOKUP(C36,'Listado Pilotos y Equipos'!$B$3:$M$86,2,0),"") | E36: =IFERROR(VLOOKUP(Inscritos_SLOTSAB!$D36,Clasificaicon_Pilotos!$B$7:$M$91,13,0),0) -> 0 | F36: =IFERROR(VLOOKUP(C36,'Listado Pilotos y Equipos'!$B$3:$M$86,7,0),"") | G36: =IFERROR(VLOOKUP(Inscritos_SLOTSAB!$F36,Clasificaicon_Pilotos!$B$7:$M$91,12,0),0) -> 0 | H36: =IF(ISTEXT(E36),0,E36)+IF(ISTEXT(G36),0,G36) -> 0 | I36: =IFERROR(VLOOKUP(C36,'Listado Pilotos y Equipos'!$B$3:$P$86,12,0),"")
B37: 30 | D37: =IFERROR(VLOOKUP(C37,'Listado Pilotos y Equipos'!$B$3:$M$86,2,0),"") | E37: =IFERROR(VLOOKUP(Inscritos_SLOTSAB!$D37,Clasificaicon_Pilotos!$B$7:$M$91,13,0),0) -> 0 | F37: =IFERROR(VLOOKUP(C37,'Listado Pilotos y Equipos'!$B$3:$M$86,7,0),"") | G37: =IFERROR(VLOOKUP(Inscritos_SLOTSAB!$F37,Clasificaicon_Pilotos!$B$7:$M$91,12,0),0) -> 0 | H37: =IF(ISTEXT(E37),0,E37)+IF(ISTEXT(G37),0,G37) -> 0 | I37: =IFERROR(VLOOKUP(C37,'Listado Pilotos y Equipos'!$B$3:$P$86,12,0),"")
B38: 31 | D38: =IFERROR(VLOOKUP(C38,'Listado Pilotos y Equipos'!$B$3:$M$86,2,0),"") | E38: =IFERROR(VLOOKUP(Inscritos_SLOTSAB!$D38,Clasificaicon_Pilotos!$B$7:$M$91,13,0),0) -> 0 | F38: =IFERROR(VLOOKUP(C38,'Listado Pilotos y Equipos'!$B$3:$M$86,7,0),"") | G38: =IFERROR(VLOOKUP(Inscritos_SLOTSAB!$F38,Clasificaicon_Pilotos!$B$7:$M$91,13,0),0) -> 0 | H38: =IF(ISTEXT(E38),0,E38)+IF(ISTEXT(G38),0,G38) -> 0 | I38: =IFERROR(VLOOKUP(C38,'Listado Pilotos y Equipos'!$B$3:$P$86,12,0),"")
B39: 32 | D39: =IFERROR(VLOOKUP(C39,'Listado Pilotos y Equipos'!$B$3:$M$86,2,0),"") | E39: =IFERROR(VLOOKUP(Inscritos_SLOTSAB!$D39,Clasificaicon_Pilotos!$B$7:$M$91,13,0),0) -> 0 | F39: =IFERROR(VLOOKUP(C39,'Listado Pilotos y Equipos'!$B$3:$M$86,7,0),"") | G39: =IFERROR(VLOOKUP(Inscritos_SLOTSAB!$F39,Clasificaicon_Pilotos!$B$7:$M$91,13,0),0) -> 0 | H39: =IF(ISTEXT(E39),0,E39)+IF(ISTEXT(G39),0,G39) -> 0 | I39: =IFERROR(VLOOKUP(C39,'Listado Pilotos y Equipos'!$B$3:$P$86,12,0),"")
B40: 33 | D40: =IFERROR(VLOOKUP(C40,'Listado Pilotos y Equipos'!$B$3:$M$86,2,0),"") | E40: =IFERROR(VLOOKUP(Inscritos_SLOTSAB!$D40,Clasificaicon_Pilotos!$B$7:$M$96,13,0),0) -> 0 | F40: =IFERROR(VLOOKUP(C40,'Listado Pilotos y Equipos'!$B$3:$M$86,7,0),"") | G40: =IFERROR(VLOOKUP(Inscritos_SLOTSAB!$F40,Clasificaicon_Pilotos!$B$7:$M$96,13,0),0) -> 0 | H40: =IF(ISTEXT(E40),0,E40)+IF(ISTEXT(G40),0,G40) -> 0 | I40: =IFERROR(VLOOKUP(C40,'Listado Pilotos y Equipos'!$B$3:$P$86,12,0),"")
B41: 34 | D41: =IFERROR(VLOOKUP(C41,'Listado Pilotos y Equipos'!$B$3:$M$86,2,0),"") | E41: =IFERROR(VLOOKUP(Inscritos_SLOTSAB!$D41,Clasificaicon_Pilotos!$B$7:$M$91,13,0),0) -> 0 | F41: =IFERROR(VLOOKUP(C41,'Listado Pilotos y Equipos'!$B$3:$M$86,7,0),"") | G41: =IFERROR(VLOOKUP(Inscritos_SLOTSAB!$F41,Clasificaicon_Pilotos!$B$7:$M$91,13,0),0) -> 0 | H41: =IF(ISTEXT(E41),0,E41)+IF(ISTEXT(G41),0,G41) -> 0 | I41: =IFERROR(VLOOKUP(C41,'Listado Pilotos y Equipos'!$B$3:$P$86,12,0),"")
B42: 35 | D42: =IFERROR(VLOOKUP(C42,'Listado Pilotos y Equipos'!$B$3:$M$86,2,0),"") | E42: =IFERROR(VLOOKUP(Inscritos_SLOTSAB!$D42,Clasificaicon_Pilotos!$B$7:$M$91,13,0),0) -> 0 | F42: =IFERROR(VLOOKUP(C42,'Listado Pilotos y Equipos'!$B$3:$M$86,7,0),"") | G42: =IFERROR(VLOOKUP(Inscritos_SLOTSAB!$F42,Clasificaicon_Pilotos!$B$7:$M$91,13,0),0) -> 0 | H42: =IF(ISTEXT(E42),0,E42)+IF(ISTEXT(G42),0,G42) -> 0 | I42: =IFERROR(VLOOKUP(C42,'Listado Pilotos y Equipos'!$B$3:$P$86,12,0),"")
B43: 36 | D43: =IFERROR(VLOOKUP(C43,'Listado Pilotos y Equipos'!$B$3:$M$86,2,0),"") | E43: =IFERROR(VLOOKUP(Inscritos_SLOTSAB!$D43,Clasificaicon_Pilotos!$B$7:$M$91,13,0),0) -> 0 | F43: =IFERROR(VLOOKUP(C43,'Listado Pilotos y Equipos'!$B$3:$M$86,7,0),"") | G43: =IFERROR(VLOOKUP(Inscritos_SLOTSAB!$F43,Clasificaicon_Pilotos!$B$7:$M$91,13,0),0) -> 0 | H43: =IF(ISTEXT(E43),0,E43)+IF(ISTEXT(G43),0,G43) -> 0 | I43: =IFERROR(VLOOKUP(C43,'Listado Pilotos y Equipos'!$B$3:$P$86,12,0),"")
B44: 37 | D44: =IFERROR(VLOOKUP(C44,'Listado Pilotos y Equipos'!$B$3:$M$86,2,0),"") | E44: =IFERROR(VLOOKUP(Inscritos_SLOTSAB!$D44,Clasificaicon_Pilotos!$B$7:$M$91,13,0),0) -> 0 | F44: =IFERROR(VLOOKUP(C44,'Listado Pilotos y Equipos'!$B$3:$M$86,7,0),"") | G44: =IFERROR(VLOOKUP(Inscritos_SLOTSAB!$F44,Clasificaicon_Pilotos!$B$7:$M$91,13,0),0) -> 0 | H44: =IF(ISTEXT(E44),0,E44)+IF(ISTEXT(G44),0,G44) -> 0 | I44: =IFERROR(VLOOKUP(C44,'Listado Pilotos y Equipos'!$B$3:$P$86,12,0),"")
B45: 38 | D45: =IFERROR(VLOOKUP(C45,'Listado Pilotos y Equipos'!$B$3:$M$86,2,0),"") | E45: =IFERROR(VLOOKUP(Inscritos_SLOTSAB!$D45,Clasificaicon_Pilotos!$B$7:$M$91,13,0),0) -> 0 | F45: =IFERROR(VLOOKUP(C45,'Listado Pilotos y Equipos'!$B$3:$M$86,7,0),"") | G45: =IFERROR(VLOOKUP(Inscritos_SLOTSAB!$F45,Clasificaicon_Pilotos!$B$7:$M$91,13,0),0) -> 0 | H45: =IF(ISTEXT(E45),0,E45)+IF(ISTEXT(G45),0,G45) -> 0 | I45: =IFERROR(VLOOKUP(C45,'Listado Pilotos y Equipos'!$B$3:$P$86,12,0),"")
B46: 39 | D46: =IFERROR(VLOOKUP(C46,'Listado Pilotos y Equipos'!$B$3:$M$86,2,0),"") | E46: =IFERROR(VLOOKUP(Inscritos_SLOTSAB!$D46,Clasificaicon_Pilotos!$B$7:$M$91,13,0),0) -> 0 | F46: =IFERROR(VLOOKUP(C46,'Listado Pilotos y Equipos'!$B$3:$M$86,7,0),"") | G46: =IFERROR(VLOOKUP(Inscritos_SLOTSAB!$F46,Clasificaicon_Pilotos!$B$7:$M$91,13,0),0) -> 0 | H46: =IF(ISTEXT(E46),0,E46)+IF(ISTEXT(G46),0,G46) -> 0 | I46: =IFERROR(VLOOKUP(C46,'Listado Pilotos y Equipos'!$B$3:$P$86,12,0),"")
B47: 40 | D47: =IFERROR(VLOOKUP(C47,'Listado Pilotos y Equipos'!$B$3:$M$86,2,0),"") | E47: =IFERROR(VLOOKUP(Inscritos_SLOTSAB!$D47,Clasificaicon_Pilotos!$B$7:$M$91,13,0),0) -> 0 | F47: =IFERROR(VLOOKUP(C47,'Listado Pilotos y Equipos'!$B$3:$M$86,7,0),"") | G47: =IFERROR(VLOOKUP(Inscritos_SLOTSAB!$F47,Clasificaicon_Pilotos!$B$7:$M$91,13,0),0) -> 0 | H47: =IF(ISTEXT(E47),0,E47)+IF(ISTEXT(G47),0,G47) -> 0 | I47: =IFERROR(VLOOKUP(C47,'Listado Pilotos y Equipos'!$B$3:$P$86,12,0),"")
B48: 41 | D48: =IFERROR(VLOOKUP(C48,'Listado Pilotos y Equipos'!$B$3:$M$86,2,0),"") | E48: =IFERROR(VLOOKUP(Inscritos_SLOTSAB!$D48,Clasificaicon_Pilotos!$B$7:$M$91,13,0),0) -> 0 | F48: =IFERROR(VLOOKUP(C48,'Listado Pilotos y Equipos'!$B$3:$M$86,7,0),"") | G48: =IFERROR(VLOOKUP(Inscritos_SLOTSAB!$F48,Clasificaicon_Pilotos!$B$7:$M$96,13,0),0) -> 0 | H48: =IF(ISTEXT(E48),0,E48)+IF(ISTEXT(G48),0,G48) -> 0 | I48: =IFERROR(VLOOKUP(C48,'Listado Pilotos y Equipos'!$B$3:$P$86,12,0),"")
B49: 42 | D49: =IFERROR(VLOOKUP(C49,'Listado Pilotos y Equipos'!$B$3:$M$86,2,0),"") | E49: =IFERROR(VLOOKUP(Inscritos_SLOTSAB!$D49,Clasificaicon_Pilotos!$B$7:$M$91,13,0),0) -> 0 | F49: =IFERROR(VLOOKUP(C49,'Listado Pilotos y Equipos'!$B$3:$M$86,7,0),"") | G49: =IFERROR(VLOOKUP(Inscritos_SLOTSAB!$F49,Clasificaicon_Pilotos!$B$7:$M$91,13,0),0) -> 0 | H49: =IF(ISTEXT(E49),0,E49)+IF(ISTEXT(G49),0,G49) -> 0 | I49: =IFERROR(VLOOKUP(C49,'Listado Pilotos y Equipos'!$B$3:$P$86,12,0),"")
B50: 43 | D50: =IFERROR(VLOOKUP(C50,'Listado Pilotos y Equipos'!$B$3:$M$86,2,0),"") | E50: =IFERROR(VLOOKUP(Inscritos_SLOTSAB!$D50,Clasificaicon_Pilotos!$B$7:$M$91,13,0),0) -> 0 | F50: =IFERROR(VLOOKUP(C50,'Listado Pilotos y Equipos'!$B$3:$M$86,7,0),"") | G50: =IFERROR(VLOOKUP(Inscritos_SLOTSAB!$F50,Clasificaicon_Pilotos!$B$7:$M$91,13,0),0) -> 0 | H50: =IF(ISTEXT(E50),0,E50)+IF(ISTEXT(G50),0,G50) -> 0 | I50: =IFERROR(VLOOKUP(C50,'Listado Pilotos y Equipos'!$B$3:$P$86,12,0),"")
B51: 44 | D51: =IFERROR(VLOOKUP(C51,'Listado Pilotos y Equipos'!$B$3:$M$86,2,0),"") | E51: =IFERROR(VLOOKUP(Inscritos_SLOTSAB!$D51,Clasificaicon_Pilotos!$B$7:$M$91,13,0),0) -> 0 | F51: =IFERROR(VLOOKUP(C51,'Listado Pilotos y Equipos'!$B$3:$M$86,7,0),"") | G51: =IFERROR(VLOOKUP(Inscritos_SLOTSAB!$F51,Clasificaicon_Pilotos!$B$7:$M$91,13,0),0) -> 0 | H51: =IF(ISTEXT(E51),0,E51)+IF(ISTEXT(G51),0,G51) -> 0 | I51: =IFERROR(VLOOKUP(C51,'Listado Pilotos y Equipos'!$B$3:$P$86,12,0),"")

Sheet Verificaciones_SLOTSAB_OK
A7: DATOS COCHES PARTICIPANTES
A10: # | B10: EQUIPO | C10: COPA | D10: COCHE | E10: MOTOR | F10: PESO C. | G10: PESO MIN. | H10: PIÑÓN | I10: CORONA | J10: REL | K10: LLANTAS D | L10: DIAMETRO LL.D. | M10: LLANTAS T | N10: DIAMETRO LL.T. | O10: TRENC. | P10: SUSP. | Q10: BANCADA | R10: CHASIS | S10: NEUMATICOS | T10: PESO INICIO-FINAL | U10: OBS. VERIFICACIÓN
A11: 1 | B11: DZERO SOT | C11: =IFERROR(VLOOKUP(Verificaciones_SLOTSAB_OK!B11,'Listado Pilotos y Equipos'!$B$3:$P$86,12,0),"") -> SCALEAUTO_CUP | D11: CORVETTE | E11: 18 | F11: 17.04 | G11: =IF(D11="",0,IF(C11=Tabla_de_Datos_COPA_PALMARES!$B$3,VLOOKUP(D11,Tabla_de_Datos_COCHES!$B$21:$G$37,4,0),IF(C11=Tabla_de_Datos_COPA_PALMARES!$B$4,VLOOKUP(D11,Tabla_de_Datos_COCHES!$B$4:$G$20,4,0),IF(C11=Tabla_de_Datos_COPA_PALMARES!$B$5,VLOOKUP(D11,Tabla_de_Datos_COCHES!$B$38:$G$46,4,0))))) -> 17 | H11: SCA | I11: SCA | J11: 12_28 | K11: SIT | L11: 16,5 x 8 PL | M11: SCA | N11: 16,5 x 10 AL | O11: MB | P11: 0-0-I | Q11: SCA1 | R11: SCA | T11: 80,4-80,44
A12: 2 | B12: SLOTFOURMANIA | C12: =IFERROR(VLOOKUP(Verificaciones_SLOTSAB_OK!B12,'Listado Pilotos y Equipos'!$B$3:$P$86,12,0),"") -> GT2 | D12: HURACAN | E12: 33 | F12: 18.02 | G12: =IF(D12="",0,IF(C12=Tabla_de_Datos_COPA_PALMARES!$B$3,VLOOKUP(D12,Tabla_de_Datos_COCHES!$B$21:$G$37,4,0),IF(C12=Tabla_de_Datos_COPA_PALMARES!$B$4,VLOOKUP(D12,Tabla_de_Datos_COCHES!$B$4:$G$20,4,0),IF(C12=Tabla_de_Datos_COPA_PALMARES!$B$5,VLOOKUP(D12,Tabla_de_Datos_COCHES!$B$38:$G$46,4,0))))) -> 18 | H12: SIT | I12: SIT | J12: 12_30 | K12: SLP | L12: 15,8 x 8 AL | M12: SLP | N12: 16,9 x 10 AL | O12: MB | P12: 0-0-M | Q12: SIT05 | R12: SID | T12: 79,32-79,01
A13: 3 | B13: SLOTSAB JOOS | C13: =IFERROR(VLOOKUP(Verificaciones_SLOTSAB_OK!B13,'Listado Pilotos y Equipos'!$B$3:$P$86,12,0),"") -> SCALEAUTO_CUP | D13: MERCEDES | E13: 7 | F13: 18.25 | G13: =IF(D13="",0,IF(C13=Tabla_de_Datos_COPA_PALMARES!$B$3,VLOOKUP(D13,Tabla_de_Datos_COCHES!$B$21:$G$37,4,0),IF(C13=Tabla_de_Datos_COPA_PALMARES!$B$4,VLOOKUP(D13,Tabla_de_Datos_COCHES!$B$4:$G$20,4,0),IF(C13=Tabla_de_Datos_COPA_PALMARES!$B$5,VLOOKUP(D13,Tabla_de_Datos_COCHES!$B$38:$G$46,4,0))))) -> 17 | H13: SCA | I13: SCA | J13: 12_28 | K13: SCA | L13: 15,8 x 8 AL | M13: SCA | N13: 16,5 x 10 AL | O13: SLP | P13: 0-0-I | Q13: SCA1 | R13: SCA | T13: 81,42-81,52
A14: 4 | B14: NOUTEAM SLOT_ | C14: =IFERROR(VLOOKUP(Verificaciones_SLOTSAB_OK!B14,'Listado Pilotos y Equipos'!$B$3:$P$86,12,0),"") -> GT2 | D14: BLACKBULL | E14: 11 | F14: 16.02 | G14: =IF(D14="",0,IF(C14=Tabla_de_Datos_COPA_PALMARES!$B$3,VLOOKUP(D14,Tabla_de_Datos_COCHES!$B$21:$G$37,4,0),IF(C14=Tabla_de_Datos_COPA_PALMARES!$B$4,VLOOKUP(D14,Tabla_de_Datos_COCHES!$B$4:$G$20,4,0),IF(C14=Tabla_de_Datos_COPA_PALMARES!$B$5,VLOOKUP(D14,Tabla_de_Datos_COCHES!$B$38:$G$46,4,0))))) -> 15.5 | H14: SLP | I14: SIT | J14: 12_30 | K14: SLP | L14: 15,8 x 8 AL | M14: SIT | N14: 15,8 x 10 AL | O14: MB | P14: M-M-M | Q14: BLA05 | R14: BLA | T14: 77,80-77,85 | U14: CORONA DE 29
A16: 6 | B16: SAB ARRAS | C16: =IFERROR(VLOOKUP(Verificaciones_SLOTSAB_OK!B16,'Listado Pilotos y Equipos'!$B$3:$P$86,12,0),"") -> SCALEAUTO_CUP | D16: VIPER | E16: 1 | F16: 17.14 | G16: =IF(D16="",0,IF(C16=Tabla_de_Datos_COPA_PALMARES!$B$3,VLOOKUP(D16,Tabla_de_Datos_COCHES!$B$21:$G$37,4,0),IF(C16=Tabla_de_Datos_COPA_PALMARES!$B$4,VLOOKUP(D16,Tabla_de_Datos_COCHES!$B$4:$G$20,4,0),IF(C16=Tabla_de_Datos_COPA_PALMARES!$B$5,VLOOKUP(D16,Tabla_de_Datos_COCHES!$B$38:$G$46,4,0))))) -> 17 | H16: SCA | I16: SCA | J16: 12_28 | K16: SCA | L16: 15,8 x 8 AL | M16: SCA | N16: 16,5 x 10 AL | O16: MB | P16: 0-0-M | Q16: SCA1 | R16: SCA | T16: 79,36-79,89
C17: =IFERROR(VLOOKUP(Verificaciones_SLOTSAB_OK!B17,'Listado Pilotos y Equipos'!$B$3:$P$86,12,0),"") | G17: =IF(D17="",0,IF(C17=Tabla_de_Datos_COPA_PALMARES!$B$3,VLOOKUP(D17,Tabla_de_Datos_COCHES!$B$21:$G$37,4,0),IF(C17=Tabla_de_Datos_COPA_PALMARES!$B$4,VLOOKUP(D17,Tabla_de_Datos_COCHES!$B$4:$G$20,4,0),IF(C17=Tabla_de_Datos_COPA_PALMARES!$B$5,VLOOKUP(D17,Tabla_de_Datos_COCHES!$B$38:$G$46,4,0))))) -> 0
A18: 7 | B18: EL SOT CALAVERAS | C18: =IFERROR(VLOOKUP(Verificaciones_SLOTSAB_OK!B18,'Listado Pilotos y Equipos'!$B$3:$P$86,12,0),"") -> GT2 | D18: HURACAN | E18: 43 | F18: 18.15 | G18: =IF(D18="",0,IF(C18=Tabla_de_Datos_COPA_PALMARES!$B$3,VLOOKUP(D18,Tabla_de_Datos_COCHES!$B$21:$G$37,4,0),IF(C18=Tabla_de_Datos_COPA_PALMARES!$B$4,VLOOKUP(D18,Tabla_de_Datos_COCHES!$B$4:$G$20,4,0),IF(C18=Tabla_de_Datos_COPA_PALMARES!$B$5,VLOOKUP(D18,Tabla_de_Datos_COCHES!$B$38:$G$46,4,0))))) -> 18 | H18: SIT | I18: SIT | J18: 12_30 | K18: SCA | L18: 15,8 x 8 PL | M18: SLP | N18: 16,9 x 10 AL | O18: SLP | P18: 0-M-I | Q18: SIT1 | R18: SID | T18: 78,32-78.32
A19: 8 | B19: SLOT4YOU CUIDADIN | C19: =IFERROR(VLOOKUP(Verificaciones_SLOTSAB_OK!B19,'Listado Pilotos y Equipos'!$B$3:$P$86,12,0),"") -> SCALEAUTO_CUP | D19: VIPER | E19: 47 | F19: 17.01 | G19: =IF(D19="",0,IF(C19=Tabla_de_Datos_COPA_PALMARES!$B$3,VLOOKUP(D19,Tabla_de_Datos_COCHES!$B$21:$G$37,4,0),IF(C19=Tabla_de_Datos_COPA_PALMARES!$B$4,VLOOKUP(D19,Tabla_de_Datos_COCHES!$B$4:$G$20,4,0),IF(C19=Tabla_de_Datos_COPA_PALMARES!$B$5,VLOOKUP(D19,Tabla_de_Datos_COCHES!$B$38:$G$46,4,0))))) -> 17 | H19: SIT | I19: SCA | J19: 12_28 | K19: SIT | L19: 15,8 x 8 PL | M19: SCA | N19: 16,5 x 10 AL | O19: SCA | P19: 0-0-M | Q19: SCA1 | R19: SCA | T19: 80,72-80,67
A20: 9 | B20: ESTEL·LATS | C20: =IFERROR(VLOOKUP(Verificaciones_SLOTSAB_OK!B20,'Listado Pilotos y Equipos'!$B$3:$P$86,12,0),"") -> RESISBARNA | D20: SPYKER | E20: 59 | F20: 15.12 | G20: =IF(D20="",0,IF(C20=Tabla_de_Datos_COPA_PALMARES!$B$3,VLOOKUP(D20,Tabla_de_Datos_COCHES!$B$21:$G$37,4,0),IF(C20=Tabla_de_Datos_COPA_PALMARES!$B$4,VLOOKUP(D20,Tabla_de_Datos_COCHES!$B$4:$G$20,4,0),IF(C20=Tabla_de_Datos_COPA_PALMARES!$B$5,VLOOKUP(D20,Tabla_de_Datos_COCHES!$B$38:$G$46,4,0))))) -> 15 | H20: SLP | I20: SID | J20: 12_28 | K20: SCA | L20: 15,8 x 8 AL | M20: SLP | N20: 16,9 x 10 AL | O20: SCA | P20: 0-0-I | Q20: SIT1 | R20: SCA | T20: 75,40-75.22
A21: 10 | B21: SLOTSAB JUNIOR | C21: =IFERROR(VLOOKUP(Verificaciones_SLOTSAB_OK!B21,'Listado Pilotos y Equipos'!$B$3:$P$86,12,0),"") -> SCALEAUTO_CUP | D21: VIPER | E21: 31 | F21: 17 | G21: =IF(D21="",0,IF(C21=Tabla_de_Datos_COPA_PALMARES!$B$3,VLOOKUP(D21,Tabla_de_Datos_COCHES!$B$21:$G$37,4,0),IF(C21=Tabla_de_Datos_COPA_PALMARES!$B$4,VLOOKUP(D21,Tabla_de_Datos_COCHES!$B$4:$G$20,4,0),IF(C21=Tabla_de_Datos_COPA_PALMARES!$B$5,VLOOKUP(D21,Tabla_de_Datos_COCHES!$B$38:$G$46,4,0))))) -> 17 | H21: SCA | I21: SCA | J21: 12_28 | K21: SLP | L21: 15,8 x 8 PL | M21: SCA | N21: 16,5 x 10 AL | O21: MB | P21: 0-0-I | Q21: SCA1 | R21: SCA | T21: 77,67-77,55
A22: 11 | B22: TOAD TEAM | C22: =IFERROR(VLOOKUP(Verificaciones_SLOTSAB_OK!B22,'Listado Pilotos y Equipos'!$B$3:$P$86,12,0),"") -> GT2 | D22: VIPER | E22: 52 | F22: 17.02 | G22: =IF(D22="",0,IF(C22=Tabla_de_Datos_COPA_PALMARES!$B$3,VLOOKUP(D22,Tabla_de_Datos_COCHES!$B$21:$G$37,4,0),IF(C22=Tabla_de_Datos_COPA_PALMARES!$B$4,VLOOKUP(D22,Tabla_de_Datos_COCHES!$B$4:$G$20,4,0),IF(C22=Tabla_de_Datos_COPA_PALMARES!$B$5,VLOOKUP(D22,Tabla_de_Datos_COCHES!$B$38:$G$46,4,0))))) -> 17 | H22: SIT | I22: SIT | J22: 12_30 | K22: SLP | L22: 15,8 x 8 NY | M22: SLP | N22: 16,5 x 10 AL | O22: MB | P22: 0-0-M | Q22: SCA1 | R22: SCA | T22: 78,37-78.34
A23: 12 | B23: SLOTMANIA CAR | C23: =IFERROR(VLOOKUP(Verificaciones_SLOTSAB_OK!B23,'Listado Pilotos y Equipos'!$B$3:$P$86,12,0),"") -> RESISBARNA | D23: FORD GT | E23: 8 | F23: 18.37 | G23: =IF(D23="",0,IF(C23=Tabla_de_Datos_COPA_PALMARES!$B$3,VLOOKUP(D23,Tabla_de_Datos_COCHES!$B$21:$G$37,4,0),IF(C23=Tabla_de_Datos_COPA_PALMARES!$B$4,VLOOKUP(D23,Tabla_de_Datos_COCHES!$B$4:$G$20,4,0),IF(C23=Tabla_de_Datos_COPA_PALMARES!$B$5,VLOOKUP(D23,Tabla_de_Datos_COCHES!$B$38:$G$46,4,0))))) -> 18 | H23: SIT | I23: SIT | J23: 12_28 | K23: SLP | L23: 15,8 x 8 AL | M23: SLP | N23: 17,2 x 10 AL | O23: MB | P23: 0-0-I | Q23: SIT1 | R23: MR | T23: 77,51-77.54
A24: 13 | B24: EQUIP VALLES | C24: =IFERROR(VLOOKUP(Verificaciones_SLOTSAB_OK!B24,'Listado Pilotos y Equipos'!$B$3:$P$86,12,0),"") -> RESISBARNA | D24: CORVETTE | E24: 25 | F24: 17.02 | G24: =IF(D24="",0,IF(C24=Tabla_de_Datos_COPA_PALMARES!$B$3,VLOOKUP(D24,Tabla_de_Datos_COCHES!$B$21:$G$37,4,0),IF(C24=Tabla_de_Datos_COPA_PALMARES!$B$4,VLOOKUP(D24,Tabla_de_Datos_COCHES!$B$4:$G$20,4,0),IF(C24=Tabla_de_Datos_COPA_PALMARES!$B$5,VLOOKUP(D24,Tabla_de_Datos_COCHES!$B$38:$G$46,4,0))))) -> 17 | H24: SLP | I24: SIT | J24: 12_28 | K24: SIT | L24: 15,8 x 8 PL | M24: SLP | N24: 16,5 x 10 AL | O24: MB | P24: 0-0-I | Q24: SIT1 | R24: SCA | T24: 77,63-77.58
A25: 14 | B25: CRONO1_ | C25: =IFERROR(VLOOKUP(Verificaciones_SLOTSAB_OK!B25,'Listado Pilotos y Equipos'!$B$3:$P$86,12,0),"") -> SCALEAUTO_CUP | D25: VIPER | E25: 56 | F25: 17 | G25: =IF(D25="",0,IF(C25=Tabla_de_Datos_COPA_PALMARES!$B$3,VLOOKUP(D25,Tabla_de_Datos_COCHES!$B$21:$G$37,4,0),IF(C25=Tabla_de_Datos_COPA_PALMARES!$B$4,VLOOKUP(D25,Tabla_de_Datos_COCHES!$B$4:$G$20,4,0),IF(C25=Tabla_de_Datos_COPA_PALMARES!$B$5,VLOOKUP(D25,Tabla_de_Datos_COCHES!$B$38:$G$46,4,0))))) -> 17 | H25: SIT | I25: SCA | J25: 12_28 | K25: SCA | L25: 15,8 x 8 AL | M25: SCA | N25: 17,2 x 8 AL | O25: BLA | P25: 0-0-M | Q25: SCA075 | R25: SCA | T25: 80,23-80.14
C26: =IFERROR(VLOOKUP(Verificaciones_SLOTSAB_OK!B26,'Listado Pilotos y Equipos'!$B$3:$P$86,12,0),"")
A27: 15 | B27: SLOTMANIA | C27: =IFERROR(VLOOKUP(Verificaciones_SLOTSAB_OK!B27,'Listado Pilotos y Equipos'!$B$3:$P$86,12,0),"") -> RESISBARNA | D27: BLACKBULL | E27: 15 | F27: 15 | G27: =IF(D27="",0,IF(C27=Tabla_de_Datos_COPA_PALMARES!$B$3,VLOOKUP(D27,Tabla_de_Datos_COCHES!$B$21:$G$37,4,0),IF(C27=Tabla_de_Datos_COPA_PALMARES!$B$4,VLOOKUP(D27,Tabla_de_Datos_COCHES!$B$4:$G$20,4,0),IF(C27=Tabla_de_Datos_COPA_PALMARES!$B$5,VLOOKUP(D27,Tabla_de_Datos_COCHES!$B$38:$G$46,4,0))))) -> 15.5 | H27: SCA | I27: SIT | J27: 12_27 | K27: SLP | L27: 15,8 x 8 AL | M27: SIT | N27: 15,8 x 10 AL | O27: MB | P27: I-M-M | Q27: BLA05 | R27: BLA | T27: 76,03-76,03
A28: 16 | B28: EL SOT FU | C28: =IFERROR(VLOOKUP(Verificaciones_SLOTSAB_OK!B28,'Listado Pilotos y Equipos'!$B$3:$P$86,12,0),"") -> RESISBARNA | D28: BMW M6 | E28: 30 | F28: 19.46 | G28: =IF(D28="",0,IF(C28=Tabla_de_Datos_COPA_PALMARES!$B$3,VLOOKUP(D28,Tabla_de_Datos_COCHES!$B$21:$G$37,4,0),IF(C28=Tabla_de_Datos_COPA_PALMARES!$B$4,VLOOKUP(D28,Tabla_de_Datos_COCHES!$B$4:$G$20,4,0),IF(C28=Tabla_de_Datos_COPA_PALMARES!$B$5,VLOOKUP(D28,Tabla_de_Datos_COCHES!$B$38:$G$46,4,0))))) -> 18 | H28: SIT | I28: SID | J28: 12_28 | K28: SIT | L28: 15,8 x 8 PL | M28: SLP | N28: 16,9 x 10 AL | O28: SIT | P28: 0-0-I | Q28: SIT1 | R28: SID | T28: 81,1-80,99
A29: 17 | B29: EL SOT TEAM | C29: =IFERROR(VLOOKUP(Verificaciones_SLOTSAB_OK!B29,'Listado Pilotos y Equipos'!$B$3:$P$86,12,0),"") -> SCALEAUTO_CUP | D29: VIPER | E29: 45 | F29: 17 | G29: =IF(D29="",0,IF(C29=Tabla_de_Datos_COPA_PALMARES!$B$3,VLOOKUP(D29,Tabla_de_Datos_COCHES!$B$21:$G$37,4,0),IF(C29=Tabla_de_Datos_COPA_PALMARES!$B$4,VLOOKUP(D29,Tabla_de_Datos_COCHES!$B$4:$G$20,4,0),IF(C29=Tabla_de_Datos_COPA_PALMARES!$B$5,VLOOKUP(D29,Tabla_de_Datos_COCHES!$B$38:$G$46,4,0))))) -> 17 | H29: SIT | I29: SCA | J29: 12_28 | K29: SIT | L29: 15,8 x 8 PL | M29: SCA | N29: 16,5 x 8 AL | O29: MB | P29: 0-0-M | Q29: SCA1 | R29: SCA | T29: 79-14-79,26
A30: 18 | B30: EL SOT HORTA | C30: =IFERROR(VLOOKUP(Verificaciones_SLOTSAB_OK!B30,'Listado Pilotos y Equipos'!$B$3:$P$86,12,0),"") -> RESISBARNA | D30: SPYKER | E30: 37 | F30: 15.14 | G30: =IF(D30="",0,IF(C30=Tabla_de_Datos_COPA_PALMARES!$B$3,VLOOKUP(D30,Tabla_de_Datos_COCHES!$B$21:$G$37,4,0),IF(C30=Tabla_de_Datos_COPA_PALMARES!$B$4,VLOOKUP(D30,Tabla_de_Datos_COCHES!$B$4:$G$20,4,0),IF(C30=Tabla_de_Datos_COPA_PALMARES!$B$5,VLOOKUP(D30,Tabla_de_Datos_COCHES!$B$38:$G$46,4,0))))) -> 15 | H30: SIT | I30: SID | J30: 12_28 | K30: SLP | L30: 15,8 x 8 NY | M30: SLP | N30: 16,9 x 10 AL | O30: MB | P30: 0-0-I | Q30: SIT1 | R30: SCA | T30: 74,10-74,18
A31: 19 | B31: HOT SLOT FOR YOU | C31: =IFERROR(VLOOKUP(Verificaciones_SLOTSAB_OK!B31,'Listado Pilotos y Equipos'!$B$3:$P$86,12,0),"") -> RESISBARNA | D31: HURACAN | E31: 42 | F31: 18 | G31: =IF(D31="",0,IF(C31=Tabla_de_Datos_COPA_PALMARES!$B$3,VLOOKUP(D31,Tabla_de_Datos_COCHES!$B$21:$G$37,4,0),IF(C31=Tabla_de_Datos_COPA_PALMARES!$B$4,VLOOKUP(D31,Tabla_de_Datos_COCHES!$B$4:$G$20,4,0),IF(C31=Tabla_de_Datos_COPA_PALMARES!$B$5,VLOOKUP(D31,Tabla_de_Datos_COCHES!$B$38:$G$46,4,0))))) -> 18 | H31: SLP | I31: MR | J31: 12_28 | K31: SIT | L31: 15,8 x 8 PL | M31: SLP | N31: 16,5 x 10 AL | O31: SCA | P31: 0-0-0 | Q31: SIT1 | R31: SID | T31: 76,73-76,79
A32: 20 | B32: SLOTFORYOU | C32: =IFERROR(VLOOKUP(Verificaciones_SLOTSAB_OK!B32,'Listado Pilotos y Equipos'!$B$3:$P$86,12,0),"") -> RESISBARNA | D32: BMW M6 | E32: 9 | F32: 18.75 | G32: =IF(D32="",0,IF(C32=Tabla_de_Datos_COPA_PALMARES!$B$3,VLOOKUP(D32,Tabla_de_Datos_COCHES!$B$21:$G$37,4,0),IF(C32=Tabla_de_Datos_COPA_PALMARES!$B$4,VLOOKUP(D32,Tabla_de_Datos_COCHES!$B$4:$G$20,4,0),IF(C32=Tabla_de_Datos_COPA_PALMARES!$B$5,VLOOKUP(D32,Tabla_de_Datos_COCHES!$B$38:$G$46,4,0))))) -> 18 | H32: MR | I32: SID | J32: 12_28 | K32: SLP | L32: 15,8 x 8 PL | M32: SLP | N32: 16,9 x 10 AL | O32: MB | P32: 0-0-I | Q32: SIT1 | R32: SID | T32: 78,76-78,73
A33: 21 | B33: STP RACING | C33: =IFERROR(VLOOKUP(Verificaciones_SLOTSAB_OK!B33,'Listado Pilotos y Equipos'!$B$3:$P$86,12,0),"") -> RESISBARNA | G33: =IF(D33="",0,IF(C33=Tabla_de_Datos_COPA_PALMARES!$B$3,VLOOKUP(D33,Tabla_de_Datos_COCHES!$B$21:$G$37,4,0),IF(C33=Tabla_de_Datos_COPA_PALMARES!$B$4,VLOOKUP(D33,Tabla_de_Datos_COCHES!$B$4:$G$20,4,0),IF(C33=Tabla_de_Datos_COPA_PALMARES!$B$5,VLOOKUP(D33,Tabla_de_Datos_COCHES!$B$38:$G$46,4,0))))) -> 0
A34: 22 | B34: OSOTNA | C34: =IFERROR(VLOOKUP(Verificaciones_SLOTSAB_OK!B34,'Listado Pilotos y Equipos'!$B$3:$P$86,12,0),"") -> RESISBARNA | D34: HURACAN | E34: 4 | F34: 18.03 | G34: =IF(D34="",0,IF(C34=Tabla_de_Datos_COPA_PALMARES!$B$3,VLOOKUP(D34,Tabla_de_Datos_COCHES!$B$21:$G$37,4,0),IF(C34=Tabla_de_Datos_COPA_PALMARES!$B$4,VLOOKUP(D34,Tabla_de_Datos_COCHES!$B$4:$G$20,4,0),IF(C34=Tabla_de_Datos_COPA_PALMARES!$B$5,VLOOKUP(D34,Tabla_de_Datos_COCHES!$B$38:$G$46,4,0))))) -> 18 | O34: SLP | P34: 0-M-I | Q34: SIT1 | R34: SID | T34: 78,87-78,97
C35: =IFERROR(VLOOKUP(Verificaciones_SLOTSAB_OK!B35,'Listado Pilotos y Equipos'!$B$3:$P$86,12,0),"") | G35: =IF(D35="",0,IF(C35=Tabla_de_Datos_COPA_PALMARES!$B$3,VLOOKUP(D35,Tabla_de_Datos_COCHES!$B$21:$G$37,4,0),IF(C35=Tabla_de_Datos_COPA_PALMARES!$B$4,VLOOKUP(D35,Tabla_de_Datos_COCHES!$B$4:$G$20,4,0),IF(C35=Tabla_de_Datos_COPA_PALMARES!$B$5,VLOOKUP(D35,Tabla_de_Datos_COCHES!$B$38:$G$46,4,0))))) -> 0
A36: 23 | B36: TRELEC | C36: =IFERROR(VLOOKUP(Verificaciones_SLOTSAB_OK!B36,'Listado Pilotos y Equipos'!$B$3:$P$86,12,0),"") -> GT2 | D36: GT3ITALIA | E36: 10 | F36: 15.01 | G36: 15 | H36: SCA | I36: SIT | J36: 12_30 | K36: SLP | L36: 15,8 x 8 NY | M36: SLP | N36: 16,5 x 10 AL | O36: MB | P36: I-M-I | Q36: BLA05 | R36: BLA | T36: 75,84-75,77 | U36: RELACIÓ 12/29
A37: 24 | B37: GASCLAVAT FEELGOOD | C37: =IFERROR(VLOOKUP(Verificaciones_SLOTSAB_OK!B37,'Listado Pilotos y Equipos'!$B$3:$P$86,12,0),"") -> GT2 | D37: VIPER | E37: 39 | F37: 17.7 | G37: 17 | H37: SCA | I37: SIT | J37: 12_30 | K37: 3D | L37: 15,8 x 8 PL | M37: SLP | N37: 16,9 x 10 AL | O37: SLP | P37: 0-M-I | Q37: SIT1 | R37: SCA | T37: 79,38-79,36
A38: 25 | B38: SCM | C38: =IFERROR(VLOOKUP(Verificaciones_SLOTSAB_OK!B38,'Listado Pilotos y Equipos'!$B$3:$P$86,12,0),"") -> GT2 | D38: VIPER | E38: 28 | F38: 17.15 | G38: 17 | H38: SCA | I38: SIT | J38: 12_30 | K38: SCA | L38: 15,8 x 8 AL | M38: SCA | N38: 16,5 x 10 AL | O38: MB | P38: M-0-M | Q38: SCA1 | R38: SCA | T38: 82,62-82,60
A39: 26 | B39: CRONO3 | C39: =IFERROR(VLOOKUP(Verificaciones_SLOTSAB_OK!B39,'Listado Pilotos y Equipos'!$B$3:$P$86,12,0),"") -> GT2 | D39: CORVETTE | E39: 54 | F39: 17.09 | G39: 17 | I39: SIT | J39: 12_28 | K39: SCA | L39: 16,5 x 8 AL | M39: SLP | N39: 16,9 x 10 AL | O39: SCA | P39: 0-0-M | Q39: SIT1 | R39: 3D | T39: 78,95-
A40: 27 | B40: SLOTSAB TEAM PIQUERAS | C40: =IFERROR(VLOOKUP(Verificaciones_SLOTSAB_OK!B40,'Listado Pilotos y Equipos'!$B$3:$P$86,12,0),"") -> RESISBARNA | D40: CORVETTE | E40: 54 | F40: 17.09 | G40: 17 | H40: SIT | I40: SIT | J40: 12_28 | K40: SCA | L40: 16,5 x 8 AL | M40: SLP | N40: 16,9 x 10 AL | O40: SCA | P40: 0-0-M | Q40: SIT1 | R40: 3D | T40: 80.06-80,04
A41: 21 | B41: STP RACING | C41: =IFERROR(VLOOKUP(Verificaciones_SLOTSAB_OK!B41,'Listado Pilotos y Equipos'!$B$3:$P$86,12,0),"") -> RESISBARNA | D41: CORVETTE | E41: 2 | F41: 17.16 | G41: 17 | H41: MB | I41: SCA | J41: 12_28 | K41: SLP | L41: 16,5 x 8 AL | M41: SCA | N41: 16,5 x 10 AL | O41: MB | P41: 0-0-M | Q41: SCA075 | R41: SCA | T41: 78,99-78,94
C42: =IFERROR(VLOOKUP(Verificaciones_SLOTSAB_OK!B42,'Listado Pilotos y Equipos'!$B$3:$P$86,12,0),"") | G42: =IF(D42="",0,IF(C42=Tabla_de_Datos_COPA_PALMARES!$B$3,VLOOKUP(D42,Tabla_de_Datos_COCHES!$B$21:$G$37,4,0),IF(C42=Tabla_de_Datos_COPA_PALMARES!$B$4,VLOOKUP(D42,Tabla_de_Datos_COCHES!$B$4:$G$20,4,0),IF(C42=Tabla_de_Datos_COPA_PALMARES!$B$5,VLOOKUP(D42,Tabla_de_Datos_COCHES!$B$38:$G$46,4,0))))) -> 0
C43: =IFERROR(VLOOKUP(Verificaciones_SLOTSAB_OK!B43,'Listado Pilotos y Equipos'!$B$3:$P$86,12,0),"") | G43: =IF(D43="",0,IF(C43=Tabla_de_Datos_COPA_PALMARES!$B$3,VLOOKUP(D43,Tabla_de_Datos_COCHES!$B$21:$G$37,4,0),IF(C43=Tabla_de_Datos_COPA_PALMARES!$B$4,VLOOKUP(D43,Tabla_de_Datos_COCHES!$B$4:$G$20,4,0),IF(C43=Tabla_de_Datos_COPA_PALMARES!$B$5,VLOOKUP(D43,Tabla_de_Datos_COCHES!$B$38:$G$46,4,0))))) -> 0
C44: =IFERROR(VLOOKUP(Verificaciones_SLOTSAB_OK!B44,'Listado Pilotos y Equipos'!$B$3:$P$86,12,0),"") | G44: =IF(D44="",0,IF(C44=Tabla_de_Datos_COPA_PALMARES!$B$3,VLOOKUP(D44,Tabla_de_Datos_COCHES!$B$21:$G$37,4,0),IF(C44=Tabla_de_Datos_COPA_PALMARES!$B$4,VLOOKUP(D44,Tabla_de_Datos_COCHES!$B$4:$G$20,4,0),IF(C44=Tabla_de_Datos_COPA_PALMARES!$B$5,VLOOKUP(D44,Tabla_de_Datos_COCHES!$B$38:$G$46,4,0))))) -> 0
C45: =IFERROR(VLOOKUP(Verificaciones_SLOTSAB_OK!B45,'Listado Pilotos y Equipos'!$B$3:$P$86,12,0),"") | G45: =IF(D45="",0,IF(C45=Tabla_de_Datos_COPA_PALMARES!$B$3,VLOOKUP(D45,Tabla_de_Datos_COCHES!$B$21:$G$37,4,0),IF(C45=Tabla_de_Datos_COPA_PALMARES!$B$4,VLOOKUP(D45,Tabla_de_Datos_COCHES!$B$4:$G$20,4,0),IF(C45=Tabla_de_Datos_COPA_PALMARES!$B$5,VLOOKUP(D45,Tabla_de_Datos_COCHES!$B$38:$G$46,4,0))))) -> 0
C46: =IFERROR(VLOOKUP(Verificaciones_SLOTSAB_OK!B46,'Listado Pilotos y Equipos'!$B$3:$P$86,12,0),"") | G46: =IF(D46="",0,IF(C46=Tabla_de_Datos_COPA_PALMARES!$B$3,VLOOKUP(D46,Tabla_de_Datos_COCHES!$B$21:$G$37,4,0),IF(C46=Tabla_de_Datos_COPA_PALMARES!$B$4,VLOOKUP(D46,Tabla_de_Datos_COCHES!$B$4:$G$20,4,0),IF(C46=Tabla_de_Datos_COPA_PALMARES!$B$5,VLOOKUP(D46,Tabla_de_Datos_COCHES!$B$38:$G$46,4,0))))) -> 0
C47: =IFERROR(VLOOKUP(Verificaciones_SLOTSAB_OK!B47,'Listado Pilotos y Equipos'!$B$3:$P$86,12,0),"") | G47: =IF(D47="",0,IF(C47=Tabla_de_Datos_COPA_PALMARES!$B$3,VLOOKUP(D47,Tabla_de_Datos_COCHES!$B$21:$G$37,4,0),IF(C47=Tabla_de_Datos_COPA_PALMARES!$B$4,VLOOKUP(D47,Tabla_de_Datos_COCHES!$B$4:$G$20,4,0),IF(C47=Tabla_de_Datos_COPA_PALMARES!$B$5,VLOOKUP(D47,Tabla_de_Datos_COCHES!$B$38:$G$46,4,0))))) -> 0
C48: =IFERROR(VLOOKUP(Verificaciones_SLOTSAB_OK!B48,'Listado Pilotos y Equipos'!$B$3:$P$86,12,0),"") | G48: =IF(D48="",0,IF(C48=Tabla_de_Datos_COPA_PALMARES!$B$3,VLOOKUP(D48,Tabla_de_Datos_COCHES!$B$21:$G$37,4,0),IF(C48=Tabla_de_Datos_COPA_PALMARES!$B$4,VLOOKUP(D48,Tabla_de_Datos_COCHES!$B$4:$G$20,4,0),IF(C48=Tabla_de_Datos_COPA_PALMARES!$B$5,VLOOKUP(D48,Tabla_de_Datos_COCHES!$B$38:$G$46,4,0))))) -> 0
C49: =IFERROR(VLOOKUP(Verificaciones_SLOTSAB_OK!B49,'Listado Pilotos y Equipos'!$B$3:$P$86,12,0),"") | G49: =IF(D49="",0,IF(C49=Tabla_de_Datos_COPA_PALMARES!$B$3,VLOOKUP(D49,Tabla_de_Datos_COCHES!$B$21:$G$37,4,0),IF(C49=Tabla_de_Datos_COPA_PALMARES!$B$4,VLOOKUP(D49,Tabla_de_Datos_COCHES!$B$4:$G$20,4,0),IF(C49=Tabla_de_Datos_COPA_PALMARES!$B$5,VLOOKUP(D49,Tabla_de_Datos_COCHES!$B$38:$G$46,4,0))))) -> 0
C50: =IFERROR(VLOOKUP(Verificaciones_SLOTSAB_OK!B50,'Listado Pilotos y Equipos'!$B$3:$P$86,12,0),"") | G50: =IF(D50="",0,IF(C50=Tabla_de_Datos_COPA_PALMARES!$B$3,VLOOKUP(D50,Tabla_de_Datos_COCHES!$B$21:$G$37,4,0),IF(C50=Tabla_de_Datos_COPA_PALMARES!$B$4,VLOOKUP(D50,Tabla_de_Datos_COCHES!$B$4:$G$20,4,0),IF(C50=Tabla_de_Datos_COPA_PALMARES!$B$5,VLOOKUP(D50,Tabla_de_Datos_COCHES!$B$38:$G$46,4,0))))) -> 0
C51: =IFERROR(VLOOKUP(Verificaciones_SLOTSAB_OK!B51,'Listado Pilotos y Equipos'!$B$3:$P$86,12,0),"") | G51: =IF(D51="",0,IF(C51=Tabla_de_Datos_COPA_PALMARES!$B$3,VLOOKUP(D51,Tabla_de_Datos_COCHES!$B$21:$G$37,4,0),IF(C51=Tabla_de_Datos_COPA_PALMARES!$B$4,VLOOKUP(D51,Tabla_de_Datos_COCHES!$B$4:$G$20,4,0),IF(C51=Tabla_de_Datos_COPA_PALMARES!$B$5,VLOOKUP(D51,Tabla_de_Datos_COCHES!$B$38:$G$46,4,0))))) -> 0
C52: =IFERROR(VLOOKUP(Verificaciones_SLOTSAB_OK!B52,'Listado Pilotos y Equipos'!$B$3:$P$86,12,0),"") | G52: =IF(D52="",0,IF(C52=Tabla_de_Datos_COPA_PALMARES!$B$3,VLOOKUP(D52,Tabla_de_Datos_COCHES!$B$21:$G$37,4,0),IF(C52=Tabla_de_Datos_COPA_PALMARES!$B$4,VLOOKUP(D52,Tabla_de_Datos_COCHES!$B$4:$G$20,4,0),IF(C52=Tabla_de_Datos_COPA_PALMARES!$B$5,VLOOKUP(D52,Tabla_de_Datos_COCHES!$B$38:$G$46,4,0))))) -> 0
C53: =IFERROR(VLOOKUP(Verificaciones_SLOTSAB_OK!B53,'Listado Pilotos y Equipos'!$B$3:$P$86,12,0),"") | G53: =IF(D53="",0,IF(C53=Tabla_de_Datos_COPA_PALMARES!$B$3,VLOOKUP(D53,Tabla_de_Datos_COCHES!$B$21:$G$37,4,0),IF(C53=Tabla_de_Datos_COPA_PALMARES!$B$4,VLOOKUP(D53,Tabla_de_Datos_COCHES!$B$4:$G$20,4,0),IF(C53=Tabla_de_Datos_COPA_PALMARES!$B$5,VLOOKUP(D53,Tabla_de_Datos_COCHES!$B$38:$G$46,4,0))))) -> 0
... C55: =IFERROR(VLOOKUP(Verificaciones_SLOTSAB_OK!B55,'Listado Pilotos y Equipos'!$B$3:$P$86,12,0),"") | G55: =IF(D55="",0,IF(C55=Tabla_de_Datos_COPA_PALMARES!$B$3,VLOOKUP(D55,Tabla_de_Datos_COCHES!$B$21:$G$37,4,0),IF(C55=Tabla_de_Datos_COPA_PALMARES!$B$4,VLOOKUP(D55,Tabla_de_Datos_COCHES!$B$4:$G$20,4,0),IF(C55=Tabla_de_Datos_COPA_PALMARES!$B$5,VLOOKUP(D55,Tabla_de_Datos_COCHES!$B$38:$G$46,4,0))))) -> 0
A69: DETALLE DEL COCHE GANADOR

Sheet Mangas_SLOTSAB
A5: MANGA JUEVES
A7: # | B7: EQUIPO | C7: CARRIL SALIDA | D7: PILOTO1 | E7: CARRILES | F7: PTOS. | G7: PILOTO2 | H7: CARRILES2 | I7: PTOS.3 | J7: TOTAL
A8: 1 | D8: =IFERROR(VLOOKUP(B8,'Listado Pilotos y Equipos'!$B$3:$M$86,2,0),"") | F8: =IFERROR(VLOOKUP(Mangas_SLOTSAB!$D8,Clasificaicon_Pilotos!$B$7:$M$91,13,0),0) -> 0 | G8: =IFERROR(VLOOKUP(B8,'Listado Pilotos y Equipos'!$B$3:$M$86,7,0),"") | I8: =IFERROR(VLOOKUP(Mangas_SLOTSAB!$G8,Clasificaicon_Pilotos!$B$7:$M$91,13,0),0) -> 0 | J8: =IFERROR(F8+I8,0) -> 0
A9: 2 | D9: =IFERROR(VLOOKUP(B9,'Listado Pilotos y Equipos'!$B$3:$M$86,2,0),"") | F9: =IFERROR(VLOOKUP(Mangas_SLOTSAB!$D9,Clasificaicon_Pilotos!$B$7:$M$91,13,0),0) -> 0 | G9: =IFERROR(VLOOKUP(B9,'Listado Pilotos y Equipos'!$B$3:$M$86,7,0),"") | I9: =IFERROR(VLOOKUP(Mangas_SLOTSAB!$G9,Clasificaicon_Pilotos!$B$7:$M$91,13,0),0) -> 0 | J9: =IFERROR(F9+I9,0) -> 0
A10: 3 | D10: =IFERROR(VLOOKUP(B10,'Listado Pilotos y Equipos'!$B$3:$M$86,2,0),"") | F10: =IFERROR(VLOOKUP(Mangas_SLOTSAB!$D10,Clasificaicon_Pilotos!$B$7:$M$91,13,0),0) -> 0 | G10: =IFERROR(VLOOKUP(B10,'Listado Pilotos y Equipos'!$B$3:$M$86,7,0),"") | I10: =IFERROR(VLOOKUP(Mangas_SLOTSAB!$G10,Clasificaicon_Pilotos!$B$7:$M$91,13,0),0) -> 0 | J10: =IFERROR(F10+I10,0) -> 0
A11: 4 | D11: =IFERROR(VLOOKUP(B11,'Listado Pilotos y Equipos'!$B$3:$M$86,2,0),"") | F11: =IFERROR(VLOOKUP(Mangas_SLOTSAB!$D11,Clasificaicon_Pilotos!$B$7:$M$91,13,0),0) -> 0 | G11: =IFERROR(VLOOKUP(B11,'Listado Pilotos y Equipos'!$B$3:$M$86,7,0),"") | I11: =IFERROR(VLOOKUP(Mangas_SLOTSAB!$G11,Clasificaicon_Pilotos!$B$7:$M$91,13,0),0) -> 0 | J11: =IFERROR(F11+I11,0) -> 0
A12: 5 | D12: =IFERROR(VLOOKUP(B12,'Listado Pilotos y Equipos'!$B$3:$M$86,2,0),"") | F12: =IFERROR(VLOOKUP(Mangas_SLOTSAB!$D12,Clasificaicon_Pilotos!$B$7:$M$91,13,0),0) -> 0 | G12: =IFERROR(VLOOKUP(B12,'Listado Pilotos y Equipos'!$B$3:$M$86,7,0),"") | I12: =IFERROR(VLOOKUP(Mangas_SLOTSAB!$G12,Clasificaicon_Pilotos!$B$7:$M$91,13,0),0) -> 0 | J12: =IFERROR(F12+I12,0) -> 0
A13: 6 | D13: =IFERROR(VLOOKUP(B13,'Listado Pilotos y Equipos'!$B$3:$M$86,2,0),"") | F13: =IFERROR(VLOOKUP(Mangas_SLOTSAB!$D13,Clasificaicon_Pilotos!$B$7:$M$91,13,0),0) -> 0 | G13: =IFERROR(VLOOKUP(B13,'Listado Pilotos y Equipos'!$B$3:$M$86,7,0),"") | I13: =IFERROR(VLOOKUP(Mangas_SLOTSAB!$G13,Clasificaicon_Pilotos!$B$7:$M$91,13,0),0) -> 0 | J13: =IFERROR(F13+I13,0) -> 0
A14: 7 | D14: =IFERROR(VLOOKUP(B14,'Listado Pilotos y Equipos'!$B$3:$M$86,2,0),"") | F14: =IFERROR(VLOOKUP(Mangas_SLOTSAB!$D14,Clasificaicon_Pilotos!$B$7:$M$91,13,0),0) -> 0 | G14: =IFERROR(VLOOKUP(B14,'Listado Pilotos y Equipos'!$B$3:$M$86,7,0),"") | I14: =IFERROR(VLOOKUP(Mangas_SLOTSAB!$G14,Clasificaicon_Pilotos!$B$7:$M$91,13,0),0) -> 0 | J14: =IFERROR(F14+I14,0) -> 0
A15: 8 | D15: =IFERROR(VLOOKUP(B15,'Listado Pilotos y Equipos'!$B$3:$M$86,2,0),"") | F15: =IFERROR(VLOOKUP(Mangas_SLOTSAB!$D15,Clasificaicon_Pilotos!$B$7:$M$91,13,0),0) -> 0 | G15: =IFERROR(VLOOKUP(B15,'Listado Pilotos y Equipos'!$B$3:$M$86,7,0),"") | I15: =IFERROR(VLOOKUP(Mangas_SLOTSAB!$G15,Clasificaicon_Pilotos!$B$7:$M$91,13,0),0) -> 0 | J15: =IFERROR(F15+I15,0) -> 0
A16: 9 | D16: =IFERROR(VLOOKUP(B16,'Listado Pilotos y Equipos'!$B$3:$M$86,2,0),"") | F16: =IFERROR(VLOOKUP(Mangas_SLOTSAB!$D16,Clasificaicon_Pilotos!$B$7:$M$91,13,0),0) -> 0 | G16: =IFERROR(VLOOKUP(B16,'Listado Pilotos y Equipos'!$B$3:$M$86,7,0),"") | I16: =IFERROR(VLOOKUP(Mangas_SLOTSAB!$G16,Clasificaicon_Pilotos!$B$7:$M$91,13,0),0) -> 0 | J16: =IFERROR(F16+I16,0) -> 0
A17: 10 | D17: =IFERROR(VLOOKUP(B17,'Listado Pilotos y Equipos'!$B$3:$M$86,2,0),"") | F17: =IFERROR(VLOOKUP(Mangas_SLOTSAB!$D17,Clasificaicon_Pilotos!$B$7:$M$91,13,0),0) -> 0 | G17: =IFERROR(VLOOKUP(B17,'Listado Pilotos y Equipos'!$B$3:$M$86,7,0),"") | I17: =IFERROR(VLOOKUP(Mangas_SLOTSAB!$G17,Clasificaicon_Pilotos!$B$7:$M$91,13,0),0) -> 0 | J17: =IFERROR(F17+I17,0) -> 0
A18: 11 | D18: =IFERROR(VLOOKUP(B18,'Listado Pilotos y Equipos'!$B$3:$M$86,2,0),"") | F18: =IFERROR(VLOOKUP(Mangas_SLOTSAB!$D18,Clasificaicon_Pilotos!$B$7:$M$91,13,0),0) -> 0 | G18: =IFERROR(VLOOKUP(B18,'Listado Pilotos y Equipos'!$B$3:$M$86,7,0),"") | I18: =IFERROR(VLOOKUP(Mangas_SLOTSAB!$G18,Clasificaicon_Pilotos!$B$7:$M$91,13,0),0) -> 0 | J18: =IFERROR(F18+I18,0) -> 0
A19: 12 | D19: =IFERROR(VLOOKUP(B19,'Listado Pilotos y Equipos'!$B$3:$M$86,2,0),"") | F19: =IFERROR(VLOOKUP(Mangas_SLOTSAB!$D19,Clasificaicon_Pilotos!$B$7:$M$91,13,0),0) -> 0 | G19: =IFERROR(VLOOKUP(B19,'Listado Pilotos y Equipos'!$B$3:$M$86,7,0),"") | I19: =IFERROR(VLOOKUP(Mangas_SLOTSAB!$G19,Clasificaicon_Pilotos!$B$7:$M$91,13,0),0) -> 0 | J19: =IFERROR(F19+I19,0) -> 0
... A21: 14 | D21: =IFERROR(VLOOKUP(B21,'Listado Pilotos y Equipos'!$B$3:$M$86,2,0),"") | F21: =IFERROR(VLOOKUP(Mangas_SLOTSAB!$D21,Clasificaicon_Pilotos!$B$7:$M$91,13,0),0) -> 0 | G21: =IFERROR(VLOOKUP(B21,'Listado Pilotos y Equipos'!$B$3:$M$86,7,0),"") | I21: =IFERROR(VLOOKUP(Mangas_SLOTSAB!$G21,Clasificaicon_Pilotos!$B$7:$M$91,13,0),0) -> 0 | J21: =IFERROR(F21+I21,0) -> 0
A22: 15 | F22: =IFERROR(VLOOKUP(Mangas_SLOTSAB!$D22,Clasificaicon_Pilotos!$B$7:$M$91,13,0),0) -> 0 | G22: =IFERROR(VLOOKUP(B22,'Listado Pilotos y Equipos'!$B$3:$M$86,7,0),"") | I22: =IFERROR(VLOOKUP(Mangas_SLOTSAB!$G22,Clasificaicon_Pilotos!$B$7:$M$91,13,0),0) -> 0 | J22: =IFERROR(F22+I22,0) -> 0
A23: 16 | F23: =IFERROR(VLOOKUP(Mangas_SLOTSAB!$D23,Clasificaicon_Pilotos!$B$7:$M$91,13,0),0) -> 0 | G23: =IFERROR(VLOOKUP(B23,'Listado Pilotos y Equipos'!$B$3:$M$86,7,0),"") | I23: =IFERROR(VLOOKUP(Mangas_SLOTSAB!$G23,Clasificaicon_Pilotos!$B$7:$M$91,13,0),0) -> 0 | J23: =IFERROR(F23+I23,0) -> 0
A24: 17 | D24: =IFERROR(VLOOKUP(B24,'Listado Pilotos y Equipos'!$B$3:$M$86,2,0),"") | F24: =IFERROR(VLOOKUP(Mangas_SLOTSAB!$D24,Clasificaicon_Pilotos!$B$7:$M$91,13,0),0) -> 0 | G24: =IFERROR(VLOOKUP(B24,'Listado Pilotos y Equipos'!$B$3:$M$86,7,0),"") | I24: =IFERROR(VLOOKUP(Mangas_SLOTSAB!$G24,Clasificaicon_Pilotos!$B$7:$M$91,13,0),0) -> 0 | J24: =IFERROR(F24+I24,0) -> 0
A25: 18 | D25: =IFERROR(VLOOKUP(B25,'Listado Pilotos y Equipos'!$B$3:$M$86,2,0),"") | F25: =IFERROR(VLOOKUP(Mangas_SLOTSAB!$D25,Clasificaicon_Pilotos!$B$7:$M$91,13,0),0) -> 0 | G25: =IFERROR(VLOOKUP(B25,'Listado Pilotos y Equipos'!$B$3:$M$86,7,0),"") | I25: =IFERROR(VLOOKUP(Mangas_SLOTSAB!$G25,Clasificaicon_Pilotos!$B$7:$M$91,13,0),0) -> 0 | J25: =IFERROR(F25+I25,0) -> 0
A29: MANGA VIERNES
A31: # | B31: EQUIPO | C31: CARRIL SALIDA | D31: PILOTO1 | E31: CARRILES | F31: PTOS. | G31: PILOTO2 | H31: CARRILES2 | I31: PTOS.3 | J31: TOTAL
A32: 1 | D32: =IFERROR(VLOOKUP(B32,'Listado Pilotos y Equipos'!$B$3:$M$86,2,0),"") | F32: =IFERROR(VLOOKUP(Mangas_SLOTSAB!$D32,Clasificaicon_Pilotos!$B$7:$M$91,13,0),0) -> 0 | G32: =IFERROR(VLOOKUP(B32,'Listado Pilotos y Equipos'!$B$3:$M$86,7,0),"") | I32: =IFERROR(VLOOKUP(Mangas_SLOTSAB!$G32,Clasificaicon_Pilotos!$B$7:$M$91,13,0),0) -> 0 | J32: =IFERROR(F32+I32,0) -> 0
A33: 2 | D33: =IFERROR(VLOOKUP(B33,'Listado Pilotos y Equipos'!$B$3:$M$86,2,0),"") | F33: =IFERROR(VLOOKUP(Mangas_SLOTSAB!$D33,Clasificaicon_Pilotos!$B$7:$M$91,13,0),0) -> 0 | G33: =IFERROR(VLOOKUP(B33,'Listado Pilotos y Equipos'!$B$3:$M$86,7,0),"") | I33: =IFERROR(VLOOKUP(Mangas_SLOTSAB!$G33,Clasificaicon_Pilotos!$B$7:$M$91,13,0),0) -> 0 | J33: =IFERROR(F33+I33,0) -> 0
A34: 3 | D34: =IFERROR(VLOOKUP(B34,'Listado Pilotos y Equipos'!$B$3:$M$86,2,0),"") | F34: =IFERROR(VLOOKUP(Mangas_SLOTSAB!$D34,Clasificaicon_Pilotos!$B$7:$M$91,13,0),0) -> 0 | G34: =IFERROR(VLOOKUP(B34,'Listado Pilotos y Equipos'!$B$3:$M$86,7,0),"") | I34: =IFERROR(VLOOKUP(Mangas_SLOTSAB!$G34,Clasificaicon_Pilotos!$B$7:$M$91,13,0),0) -> 0 | J34: =IFERROR(F34+I34,0) -> 0
A35: 4 | D35: =IFERROR(VLOOKUP(B35,'Listado Pilotos y Equipos'!$B$3:$M$86,2,0),"") | F35: =IFERROR(VLOOKUP(Mangas_SLOTSAB!$D35,Clasificaicon_Pilotos!$B$7:$M$91,13,0),0) -> 0 | G35: =IFERROR(VLOOKUP(B35,'Listado Pilotos y Equipos'!$B$3:$M$86,7,0),"") | I35: =IFERROR(VLOOKUP(Mangas_SLOTSAB!$G35,Clasificaicon_Pilotos!$B$7:$M$91,13,0),0) -> 0 | J35: =IFERROR(F35+I35,0) -> 0
A36: 5 | D36: =IFERROR(VLOOKUP(B36,'Listado Pilotos y Equipos'!$B$3:$M$86,2,0),"") | F36: =IFERROR(VLOOKUP(Mangas_SLOTSAB!$D36,Clasificaicon_Pilotos!$B$7:$M$91,13,0),0) -> 0 | G36: =IFERROR(VLOOKUP(B36,'Listado Pilotos y Equipos'!$B$3:$M$86,7,0),"") | I36: =IFERROR(VLOOKUP(Mangas_SLOTSAB!$G36,Clasificaicon_Pilotos!$B$7:$M$91,13,0),0) -> 0 | J36: =IFERROR(F36+I36,0) -> 0
A37: 6 | D37: =IFERROR(VLOOKUP(B37,'Listado Pilotos y Equipos'!$B$3:$M$86,2,0),"") | F37: =IFERROR(VLOOKUP(Mangas_SLOTSAB!$D37,Clasificaicon_Pilotos!$B$7:$M$91,13,0),0) -> 0 | G37: =IFERROR(VLOOKUP(B37,'Listado Pilotos y Equipos'!$B$3:$M$86,7,0),"") | I37: =IFERROR(VLOOKUP(Mangas_SLOTSAB!$G37,Clasificaicon_Pilotos!$B$7:$M$91,13,0),0) -> 0 | J37: =IFERROR(F37+I37,0) -> 0
A38: 7 | D38: =IFERROR(VLOOKUP(B38,'Listado Pilotos y Equipos'!$B$3:$M$86,2,0),"") | F38: =IFERROR(VLOOKUP(Mangas_SLOTSAB!$D38,Clasificaicon_Pilotos!$B$7:$M$91,13,0),0) -> 0 | G38: =IFERROR(VLOOKUP(B38,'Listado Pilotos y Equipos'!$B$3:$M$86,7,0),"") | I38: =IFERROR(VLOOKUP(Mangas_SLOTSAB!$G38,Clasificaicon_Pilotos!$B$7:$M$91,13,0),0) -> 0 | J38: =IFERROR(F38+I38,0) -> 0
A39: 8 | D39: =IFERROR(VLOOKUP(B39,'Listado Pilotos y Equipos'!$B$3:$M$86,2,0),"") | F39: =IFERROR(VLOOKUP(Mangas_SLOTSAB!$D39,Clasificaicon_Pilotos!$B$7:$M$91,13,0),0) -> 0 | G39: =IFERROR(VLOOKUP(B39,'Listado Pilotos y Equipos'!$B$3:$M$86,7,0),"") | I39: =IFERROR(VLOOKUP(Mangas_SLOTSAB!$G39,Clasificaicon_Pilotos!$B$7:$M$91,13,0),0) -> 0 | J39: =IFERROR(F39+I39,0) -> 0
A40: 9 | D40: =IFERROR(VLOOKUP(B40,'Listado Pilotos y Equipos'!$B$3:$M$86,2,0),"") | F40: =IFERROR(VLOOKUP(Mangas_SLOTSAB!$D40,Clasificaicon_Pilotos!$B$7:$M$91,13,0),0) -> 0 | G40: =IFERROR(VLOOKUP(B40,'Listado Pilotos y Equipos'!$B$3:$M$86,7,0),"") | I40: =IFERROR(VLOOKUP(Mangas_SLOTSAB!$G40,Clasificaicon_Pilotos!$B$7:$M$91,13,0),0) -> 0 | J40: =IFERROR(F40+I40,0) -> 0
A41: 10 | D41: =IFERROR(VLOOKUP(B41,'Listado Pilotos y Equipos'!$B$3:$M$86,2,0),"") | F41: =IFERROR(VLOOKUP(Mangas_SLOTSAB!$D41,Clasificaicon_Pilotos!$B$7:$M$91,13,0),0) -> 0 | G41: =IFERROR(VLOOKUP(B41,'Listado Pilotos y Equipos'!$B$3:$M$86,7,0),"") | I41: =IFERROR(VLOOKUP(Mangas_SLOTSAB!$G41,Clasificaicon_Pilotos!$B$7:$M$91,13,0),0) -> 0 | J41: =IFERROR(F41+I41,0) -> 0
A42: 11 | D42: =IFERROR(VLOOKUP(B42,'Listado Pilotos y Equipos'!$B$3:$M$86,2,0),"") | F42: =IFERROR(VLOOKUP(Mangas_SLOTSAB!$D42,Clasificaicon_Pilotos!$B$7:$M$91,13,0),0) -> 0 | G42: =IFERROR(VLOOKUP(B42,'Listado Pilotos y Equipos'!$B$3:$M$86,7,0),"") | I42: =IFERROR(VLOOKUP(Mangas_SLOTSAB!$G42,Clasificaicon_Pilotos!$B$7:$M$91,13,0),0) -> 0 | J42: =IFERROR(F42+I42,0) -> 0
A43: 12 | D43: =IFERROR(VLOOKUP(B43,'Listado Pilotos y Equipos'!$B$3:$M$86,2,0),"") | F43: =IFERROR(VLOOKUP(Mangas_SLOTSAB!$D43,Clasificaicon_Pilotos!$B$7:$M$91,13,0),0) -> 0 | G43: =IFERROR(VLOOKUP(B43,'Listado Pilotos y Equipos'!$B$3:$M$86,7,0),"") | I43: =IFERROR(VLOOKUP(Mangas_SLOTSAB!$G43,Clasificaicon_Pilotos!$B$7:$M$91,13,0),0) -> 0 | J43: =IFERROR(F43+I43,0) -> 0
... A57: 26 | D57: =IFERROR(VLOOKUP(B57,'Listado Pilotos y Equipos'!$B$3:$M$86,2,0),"") | F57: =IFERROR(VLOOKUP(Mangas_SLOTSAB!$D57,Clasificaicon_Pilotos!$B$7:$M$91,13,0),0) -> 0 | G57: =IFERROR(VLOOKUP(B57,'Listado Pilotos y Equipos'!$B$3:$M$86,7,0),"") | I57: =IFERROR(VLOOKUP(Mangas_SLOTSAB!$G57,Clasificaicon_Pilotos!$B$7:$M$91,13,0),0) -> 0 | J57: =IFERROR(F57+I57,0) -> 0
A60: MANGA SABADO
A62: # | B62: EQUIPO | C62: CARRIL SALIDA | D62: PILOTO1 | E62: CARRILES | F62: PTOS. | G62: PILOTO2 | H62: CARRILES2 | I62: PTOS.3 | J62: TOTAL
A63: 1 | D63: =IFERROR(VLOOKUP(B63,'Listado Pilotos y Equipos'!$B$3:$M$86,2,0),"") | F63: =IFERROR(VLOOKUP(Mangas_SLOTSAB!$D63,Clasificaicon_Pilotos!$B$7:$M$91,13,0),0) -> 0 | G63: =IFERROR(VLOOKUP(B63,'Listado Pilotos y Equipos'!$B$3:$M$86,7,0),"") | I63: =IFERROR(VLOOKUP(Mangas_SLOTSAB!$G63,Clasificaicon_Pilotos!$B$7:$M$91,13,0),0) -> 0 | J63: =IFERROR(F63+I63,0) -> 0
A64: 2 | D64: =IFERROR(VLOOKUP(B64,'Listado Pilotos y Equipos'!$B$3:$M$86,2,0),"") | F64: =IFERROR(VLOOKUP(Mangas_SLOTSAB!$D64,Clasificaicon_Pilotos!$B$7:$M$91,13,0),0) -> 0 | G64: =IFERROR(VLOOKUP(B64,'Listado Pilotos y Equipos'!$B$3:$M$86,7,0),"") | I64: =IFERROR(VLOOKUP(Mangas_SLOTSAB!$G64,Clasificaicon_Pilotos!$B$7:$M$91,13,0),0) -> 0 | J64: =IFERROR(F64+I64,0) -> 0
A65: 3 | D65: =IFERROR(VLOOKUP(B65,'Listado Pilotos y Equipos'!$B$3:$M$86,2,0),"") | F65: =IFERROR(VLOOKUP(Mangas_SLOTSAB!$D65,Clasificaicon_Pilotos!$B$7:$M$91,13,0),0) -> 0 | G65: =IFERROR(VLOOKUP(B65,'Listado Pilotos y Equipos'!$B$3:$M$86,7,0),"") | I65: =IFERROR(VLOOKUP(Mangas_SLOTSAB!$G65,Clasificaicon_Pilotos!$B$7:$M$91,13,0),0) -> 0 | J65: =IFERROR(F65+I65,0) -> 0
A66: 4 | D66: =IFERROR(VLOOKUP(B66,'Listado Pilotos y Equipos'!$B$3:$M$86,2,0),"") | F66: =IFERROR(VLOOKUP(Mangas_SLOTSAB!$D66,Clasificaicon_Pilotos!$B$7:$M$91,13,0),0) -> 0 | G66: =IFERROR(VLOOKUP(B66,'Listado Pilotos y Equipos'!$B$3:$M$86,7,0),"") | I66: =IFERROR(VLOOKUP(Mangas_SLOTSAB!$G66,Clasificaicon_Pilotos!$B$7:$M$91,13,0),0) -> 0 | J66: =IFERROR(F66+I66,0) -> 0
A67: 5 | D67: =IFERROR(VLOOKUP(B67,'Listado Pilotos y Equipos'!$B$3:$M$86,2,0),"") | F67: =IFERROR(VLOOKUP(Mangas_SLOTSAB!$D67,Clasificaicon_Pilotos!$B$7:$M$91,13,0),0) -> 0 | G67: =IFERROR(VLOOKUP(B67,'Listado Pilotos y Equipos'!$B$3:$M$86,7,0),"") | I67: =IFERROR(VLOOKUP(Mangas_SLOTSAB!$G67,Clasificaicon_Pilotos!$B$7:$M$91,13,0),0) -> 0 | J67: =IFERROR(F67+I67,0) -> 0
A68: 6 | D68: =IFERROR(VLOOKUP(B68,'Listado Pilotos y Equipos'!$B$3:$M$86,2,0),"") | F68: =IFERROR(VLOOKUP(Mangas_SLOTSAB!$D68,Clasificaicon_Pilotos!$B$7:$M$91,13,0),0) -> 0 | G68: =IFERROR(VLOOKUP(B68,'Listado Pilotos y Equipos'!$B$3:$M$86,7,0),"") | I68: =IFERROR(VLOOKUP(Mangas_SLOTSAB!$G68,Clasificaicon_Pilotos!$B$7:$M$91,13,0),0) -> 0 | J68: =IFERROR(F68+I68,0) -> 0
A69: 7 | D69: =IFERROR(VLOOKUP(B69,'Listado Pilotos y Equipos'!$B$3:$M$86,2,0),"") | F69: =IFERROR(VLOOKUP(Mangas_SLOTSAB!$D69,Clasificaicon_Pilotos!$B$7:$M$91,13,0),0) -> 0 | G69: =IFERROR(VLOOKUP(B69,'Listado Pilotos y Equipos'!$B$3:$M$86,7,0),"") | I69: =IFERROR(VLOOKUP(Mangas_SLOTSAB!$G69,Clasificaicon_Pilotos!$B$7:$M$91,13,0),0) -> 0 | J69: =IFERROR(F69+I69,0) -> 0
A70: 8 | D70: =IFERROR(VLOOKUP(B70,'Listado Pilotos y Equipos'!$B$3:$M$86,2,0),"") | F70: =IFERROR(VLOOKUP(Mangas_SLOTSAB!$D70,Clasificaicon_Pilotos!$B$7:$M$91,13,0),0) -> 0 | G70: =IFERROR(VLOOKUP(B70,'Listado Pilotos y Equipos'!$B$3:$M$86,7,0),"") | I70: =IFERROR(VLOOKUP(Mangas_SLOTSAB!$G70,Clasificaicon_Pilotos!$B$7:$M$91,13,0),0) -> 0 | J70: =IFERROR(F70+I70,0) -> 0
A71: 9 | D71: =IFERROR(VLOOKUP(B71,'Listado Pilotos y Equipos'!$B$3:$M$86,2,0),"") | F71: =IFERROR(VLOOKUP(Mangas_SLOTSAB!$D71,Clasificaicon_Pilotos!$B$7:$M$91,13,0),0) -> 0 | G71: =IFERROR(VLOOKUP(B71,'Listado Pilotos y Equipos'!$B$3:$M$86,7,0),"") | I71: =IFERROR(VLOOKUP(Mangas_SLOTSAB!$G71,Clasificaicon_Pilotos!$B$7:$M$91,13,0),0) -> 0 | J71: =IFERROR(F71+I71,0) -> 0
A72: 10 | D72: =IFERROR(VLOOKUP(B72,'Listado Pilotos y Equipos'!$B$3:$M$86,2,0),"") | F72: =IFERROR(VLOOKUP(Mangas_SLOTSAB!$D72,Clasificaicon_Pilotos!$B$7:$M$91,13,0),0) -> 0 | G72: =IFERROR(VLOOKUP(B72,'Listado Pilotos y Equipos'!$B$3:$M$86,7,0),"") | I72: =IFERROR(VLOOKUP(Mangas_SLOTSAB!$G72,Clasificaicon_Pilotos!$B$7:$M$91,13,0),0) -> 0 | J72: =IFERROR(F72+I72,0) -> 0
A73: 11 | D73: =IFERROR(VLOOKUP(B73,'Listado Pilotos y Equipos'!$B$3:$M$86,2,0),"") | F73: =IFERROR(VLOOKUP(Mangas_SLOTSAB!$D73,Clasificaicon_Pilotos!$B$7:$M$91,13,0),0) -> 0 | G73: =IFERROR(VLOOKUP(B73,'Listado Pilotos y Equipos'!$B$3:$M$86,7,0),"") | I73: =IFERROR(VLOOKUP(Mangas_SLOTSAB!$G73,Clasificaicon_Pilotos!$B$7:$M$91,13,0),0) -> 0 | J73: =IFERROR(F73+I73,0) -> 0
A74: 12 | D74: =IFERROR(VLOOKUP(B74,'Listado Pilotos y Equipos'!$B$3:$M$86,2,0),"") | F74: =IFERROR(VLOOKUP(Mangas_SLOTSAB!$D74,Clasificaicon_Pilotos!$B$7:$M$91,13,0),0) -> 0 | G74: =IFERROR(VLOOKUP(B74,'Listado Pilotos y Equipos'!$B$3:$M$86,7,0),"") | I74: =IFERROR(VLOOKUP(Mangas_SLOTSAB!$G74,Clasificaicon_Pilotos!$B$7:$M$91,13,0),0) -> 0 | J74: =IFERROR(F74+I74,0) -> 0
... A80: 18 | D80: =IFERROR(VLOOKUP(B80,'Listado Pilotos y Equipos'!$B$3:$M$86,2,0),"") | F80: =IFERROR(VLOOKUP(Mangas_SLOTSAB!$D80,Clasificaicon_Pilotos!$B$7:$M$91,13,0),0) -> 0 | G80: =IFERROR(VLOOKUP(B80,'Listado Pilotos y Equipos'!$B$3:$M$86,7,0),"") | I80: =IFERROR(VLOOKUP(Mangas_SLOTSAB!$G80,Clasificaicon_Pilotos!$B$7:$M$91,13,0),0) -> 0 | J80: =IFERROR(F80+I80,0) -> 0

Sheet Inscritos_ENTRENOS_Crono
B7: LUNES 17:00 | C7: LUNES 20:00 | D7: MARTES 17:00 | E7: MARTES 20:00 | F7: MIERCOLES 17:00 | G7: MIERCOLES 20:00 | H7: JUEVES DIA CARRERA | I7: VIERNES DIA CARRERA | J7: SABADO DIA CARRERA
A8: 1 | B8: Albert Figuerola | C8: Albert Figuerola | D8: Besay Porta | E8: Xavi Cortada | F8: JM Serrerols | G8: Xavi Cortada | H8: Oscar Vila | I8: Marc Casanovas
A9: 2 | B9: Cesc Figueras | C9: Cesc Figueras | D9: Ignasi Baldominos | E9: Adam Parera | F9: Eduard Cerda | G9: Adam Parera | H9: Jaume Llobet | I9: Sergi Saladrigas
A10: 3 | B10: Jordi Robles | C10: Israel Nevado | D10: David Vendrell | E10: Lluis Aldea | F10: Manel Soriano | G10: Israel Nevado | H10: Alberto Bolsa
A11: 4 | B11: Alex Robles | C11: Victor Gonzalez | D11: Jordi Muñoz | E11: Miki Teres | F11: David Mercader | G11: Victor Gonzalez | H11: Jorge Valdivieso
A12: 5 | B12: Lorenzo Rodriguez | C12: Joel Mendizabal | E12: Besay Porta | F12: Jordi Robles | G12: Joel Mendizabal | H12: Edu Gil
A13: 6 | B13: Miquel Bonavida | C13: Vicens Febrero | E13: Ignasi Baldominos | F13: Alex Robles | G13: Vicens Febrero | H13: Adolfo Chico
A14: 7 | B14: Xavi Bellot | C14: Xavi Bellot | E14: David Vendrell | F14: Lorenzo Rodriguez | G14: JM Serrerols | H14: Jordi Cantos
A15: 8 | B15: Cristian Diaz | C15: Cristian Diaz | E15: Jordi Muñoz | G15: Eduard Cerda | H15: Jordi Simo
A16: 9 | C16: Miquel Bonavida | G16: Manel Soriano | H16: Enric Illa
A17: 10 | C17: Richard Arredondo | G17: David Mercader
A18: 11 | C18: Gabri Rodriguez | G18: Richard Arredondo
A19: 12 | G19: Gabri Rodriguez

Sheet Inscritos_CronoOK
B5: EQUIPOS INSCRITOS
B7: # | C7: EQUIPO | D7: PILOTO | E7: PTOS. | F7: PILOTO2 | G7: PTOS | H7: TOTAL | I7: COPA | J7: DIA
B8: 1 | C8: EL SOT FU | D8: =IFERROR(VLOOKUP(C8,'Listado Pilotos y Equipos'!$B$3:$M$86,2,0),"") -> Alex Robles | E8: =IFERROR(VLOOKUP(Inscritos_CronoOK!$D8,Clasificaicon_Pilotos!$B$7:$M$91,13,0),0) -> 0 | F8: =IFERROR(VLOOKUP(C8,'Listado Pilotos y Equipos'!$B$3:$M$86,7,0),"") -> Jordi Robles | G8: =IFERROR(VLOOKUP(Inscritos_CronoOK!$F8,Clasificaicon_Pilotos!$B$7:$M$91,13,0),0) -> 0 | H8: =IF(ISTEXT(E8),0,E8)+IF(ISTEXT(G8),0,G8) -> 0 | I8: =IFERROR(VLOOKUP(C8,'Listado Pilotos y Equipos'!$B$3:$P$86,12,0),"") -> RESISBARNA | J8: Viernes
B9: =+B8+1 -> 2 | C9: DZERO SOT | D9: =IFERROR(VLOOKUP(C9,'Listado Pilotos y Equipos'!$B$3:$M$86,2,0),"") -> Israel Nevado | E9: =IFERROR(VLOOKUP(Inscritos_CronoOK!$D9,Clasificaicon_Pilotos!$B$7:$M$91,13,0),0) -> 0 | F9: Israel Nevado | G9: =IFERROR(VLOOKUP(Inscritos_CronoOK!$F9,Clasificaicon_Pilotos!$B$7:$M$91,13,0),0) -> 0 | H9: =IF(ISTEXT(E9),0,E9)+IF(ISTEXT(G9),0,G9) -> 0 | I9: =IFERROR(VLOOKUP(C9,'Listado Pilotos y Equipos'!$B$3:$P$86,12,0),"") -> SCALEAUTO_CUP | J9: jueves
B10: =+B9+1 -> 3 | C10: TRELEC | D10: =IFERROR(VLOOKUP(C10,'Listado Pilotos y Equipos'!$B$3:$M$86,2,0),"") -> Albert Figuerola | E10: =IFERROR(VLOOKUP(Inscritos_CronoOK!$D10,Clasificaicon_Pilotos!$B$7:$M$91,13,0),0) -> 0 | F10: =IFERROR(VLOOKUP(C10,'Listado Pilotos y Equipos'!$B$3:$M$86,7,0),"") -> Cesc Figueras | G10: =IFERROR(VLOOKUP(Inscritos_CronoOK!$F10,Clasificaicon_Pilotos!$B$7:$M$96,13,0),0) -> 0 | H10: =IF(ISTEXT(E10),0,E10)+IF(ISTEXT(G10),0,G10) -> 0 | I10: =IFERROR(VLOOKUP(C10,'Listado Pilotos y Equipos'!$B$3:$P$86,12,0),"") -> GT2 | J10: jueves
B11: =+B10+1 -> 4 | C11: ESTEL·LATS | D11: =IFERROR(VLOOKUP(C11,'Listado Pilotos y Equipos'!$B$3:$M$86,2,0),"") -> Enric Illa | E11: =IFERROR(VLOOKUP(Inscritos_CronoOK!$D11,Clasificaicon_Pilotos!$B$7:$M$91,13,0),0) -> 0 | F11: =IFERROR(VLOOKUP(C11,'Listado Pilotos y Equipos'!$B$3:$M$86,7,0),"") -> Jordi Simo | G11: =IFERROR(VLOOKUP(Inscritos_CronoOK!$F11,Clasificaicon_Pilotos!$B$7:$M$91,13,0),0) -> 0 | H11: =IF(ISTEXT(E11),0,E11)+IF(ISTEXT(G11),0,G11) -> 0 | I11: =IFERROR(VLOOKUP(C11,'Listado Pilotos y Equipos'!$B$3:$P$86,12,0),"") -> RESISBARNA | J11: jueves
B12: =+B11+1 -> 5 | C12: HOT SLOT FOR YOU | D12: =IFERROR(VLOOKUP(C12,'Listado Pilotos y Equipos'!$B$3:$M$86,2,0),"") -> Xavi Cortada | E12: =IFERROR(VLOOKUP(Inscritos_CronoOK!$D12,Clasificaicon_Pilotos!$B$7:$M$91,13,0),0) -> 0 | F12: =IFERROR(VLOOKUP(C12,'Listado Pilotos y Equipos'!$B$3:$M$86,7,0),"") -> Adam Parera | G12: =IFERROR(VLOOKUP(Inscritos_CronoOK!$F12,Clasificaicon_Pilotos!$B$7:$M$91,13,0),0) -> 0 | H12: =IF(ISTEXT(E12),0,E12)+IF(ISTEXT(G12),0,G12) -> 0 | I12: =IFERROR(VLOOKUP(C12,'Listado Pilotos y Equipos'!$B$3:$P$86,12,0),"") -> RESISBARNA | J12: viernes
B13: =+B12+1 -> 6 | C13: SLOTFORYOU | D13: =IFERROR(VLOOKUP(C13,'Listado Pilotos y Equipos'!$B$3:$M$86,2,0),"") -> Joel Mendizabal | E13: =IFERROR(VLOOKUP(Inscritos_CronoOK!$D13,Clasificaicon_Pilotos!$B$7:$M$96,13,0),0) -> 0 | F13: =IFERROR(VLOOKUP(C13,'Listado Pilotos y Equipos'!$B$3:$M$86,7,0),"") -> Vicens Febrero | G13: =IFERROR(VLOOKUP(Inscritos_CronoOK!$F13,Clasificaicon_Pilotos!$B$7:$M$91,13,0),0) -> 0 | H13: =IF(ISTEXT(E13),0,E13)+IF(ISTEXT(G13),0,G13) -> 0 | I13: =IFERROR(VLOOKUP(C13,'Listado Pilotos y Equipos'!$B$3:$P$86,12,0),"") -> RESISBARNA | J13: Viernes
B14: =+B13+1 -> 7 | C14: SLOTSAB JOOS | D14: =IFERROR(VLOOKUP(C14,'Listado Pilotos y Equipos'!$B$3:$M$86,2,0),"") -> Oscar Sanchez | E14: =IFERROR(VLOOKUP(Inscritos_CronoOK!$D14,Clasificaicon_Pilotos!$B$7:$M$91,13,0),0) -> 0 | F14: =IFERROR(VLOOKUP(C14,'Listado Pilotos y Equipos'!$B$3:$M$86,7,0),"") -> Jose Maria Martinez | G14: =IFERROR(VLOOKUP(Inscritos_CronoOK!$F14,Clasificaicon_Pilotos!$B$7:$M$91,13,0),0) -> 0 | H14: =IF(ISTEXT(E14),0,E14)+IF(ISTEXT(G14),0,G14) -> 0 | I14: =IFERROR(VLOOKUP(C14,'Listado Pilotos y Equipos'!$B$3:$P$86,12,0),"") -> SCALEAUTO_CUP | J14: Jueves
B15: =+B14+1 -> 8 | C15: OSOTNA | D15: =IFERROR(VLOOKUP(C15,'Listado Pilotos y Equipos'!$B$3:$M$86,2,0),"") -> Manel Soriano | E15: =IFERROR(VLOOKUP(Inscritos_CronoOK!$D15,Clasificaicon_Pilotos!$B$7:$M$91,13,0),0) -> 0 | F15: =IFERROR(VLOOKUP(C15,'Listado Pilotos y Equipos'!$B$3:$M$86,7,0),"") -> David Mercader | G15: =IFERROR(VLOOKUP(Inscritos_CronoOK!$F15,Clasificaicon_Pilotos!$B$7:$M$91,13,0),0) -> 0 | H15: =IF(ISTEXT(E15),0,E15)+IF(ISTEXT(G15),0,G15) -> 0 | I15: =IFERROR(VLOOKUP(C15,'Listado Pilotos y Equipos'!$B$3:$P$86,12,0),"") -> RESISBARNA | J15: Viernes
B16: =+B15+1 -> 9 | C16: MILLUI | D16: =IFERROR(VLOOKUP(C16,'Listado Pilotos y Equipos'!$B$3:$M$86,2,0),"") -> Lluis aldea | E16: =IFERROR(VLOOKUP(Inscritos_CronoOK!$D16,Clasificaicon_Pilotos!$B$7:$M$91,13,0),0) -> 0 | F16: =IFERROR(VLOOKUP(C16,'Listado Pilotos y Equipos'!$B$3:$M$86,7,0),"") -> Miki Teres | G16: =IFERROR(VLOOKUP(Inscritos_CronoOK!$F16,Clasificaicon_Pilotos!$B$7:$M$91,13,0),0) -> 0 | H16: =IF(ISTEXT(E16),0,E16)+IF(ISTEXT(G16),0,G16) -> 0 | I16: =IFERROR(VLOOKUP(C16,'Listado Pilotos y Equipos'!$B$3:$P$86,12,0),"") -> GT2 | J16: jueves
B17: =+B16+1 -> 10 | C17: EL SOT TEAM | D17: =IFERROR(VLOOKUP(C17,'Listado Pilotos y Equipos'!$B$3:$M$86,2,0),"") -> JM Sererols | E17: =IFERROR(VLOOKUP(Inscritos_CronoOK!$D17,Clasificaicon_Pilotos!$B$7:$M$91,13,0),0) -> 0 | F17: =IFERROR(VLOOKUP(C17,'Listado Pilotos y Equipos'!$B$3:$M$86,7,0),"") -> Eduard Cerda | G17: =IFERROR(VLOOKUP(Inscritos_CronoOK!$F17,Clasificaicon_Pilotos!$B$7:$M$91,13,0),0) -> 0 | H17: =IF(ISTEXT(E17),0,E17)+IF(ISTEXT(G17),0,G17) -> 0 | I17: =IFERROR(VLOOKUP(C17,'Listado Pilotos y Equipos'!$B$3:$P$86,12,0),"") -> SCALEAUTO_CUP | J17: Viernes
B18: =+B17+1 -> 11 | C18: EL SOT CALAVERAS | D18: =IFERROR(VLOOKUP(C18,'Listado Pilotos y Equipos'!$B$3:$M$86,2,0),"") -> Jorge Valdivieso | E18: =IFERROR(VLOOKUP(Inscritos_CronoOK!$D18,Clasificaicon_Pilotos!$B$7:$M$91,13,0),0) -> 0 | F18: =IFERROR(VLOOKUP(C18,'Listado Pilotos y Equipos'!$B$3:$M$86,7,0),"") -> Alberto Bolsa | G18: =IFERROR(VLOOKUP(Inscritos_CronoOK!$F18,Clasificaicon_Pilotos!$B$7:$M$91,13,0),0) -> 0 | H18: =IF(ISTEXT(E18),0,E18)+IF(ISTEXT(G18),0,G18) -> 0 | I18: =IFERROR(VLOOKUP(C18,'Listado Pilotos y Equipos'!$B$3:$P$86,12,0),"") -> GT2 | J18: jueves
B19: =+B18+1 -> 12 | C19: SLOT4YOU CUIDADIN | D19: =IFERROR(VLOOKUP(C19,'Listado Pilotos y Equipos'!$B$3:$M$86,2,0),"") -> Sergi Saladrigas | E19: =IFERROR(VLOOKUP(Inscritos_CronoOK!$D19,Clasificaicon_Pilotos!$B$7:$M$91,13,0),0) -> 0 | F19: =IFERROR(VLOOKUP(C19,'Listado Pilotos y Equipos'!$B$3:$M$86,7,0),"") -> Marc Casanovas | G19: =IFERROR(VLOOKUP(Inscritos_CronoOK!$F19,Clasificaicon_Pilotos!$B$7:$M$91,13,0),0) -> 0 | H19: =IF(ISTEXT(E19),0,E19)+IF(ISTEXT(G19),0,G19) -> 0 | I19: =IFERROR(VLOOKUP(C19,'Listado Pilotos y Equipos'!$B$3:$P$86,12,0),"") -> SCALEAUTO_CUP | J19: Viernes
B20: =+B19+1 -> 13 | C20: SLOTFOURMANIA | D20: =IFERROR(VLOOKUP(C20,'Listado Pilotos y Equipos'!$B$3:$M$86,2,0),"") -> Jaume Llobet | E20: =IFERROR(VLOOKUP(Inscritos_CronoOK!$D20,Clasificaicon_Pilotos!$B$7:$M$91,13,0),0) -> 0 | F20: =IFERROR(VLOOKUP(C20,'Listado Pilotos y Equipos'!$B$3:$M$86,7,0),"") -> Oscar Vila | G20: =IFERROR(VLOOKUP(Inscritos_CronoOK!$F20,Clasificaicon_Pilotos!$B$7:$M$91,13,0),0) -> 0 | H20: =IF(ISTEXT(E20),0,E20)+IF(ISTEXT(G20),0,G20) -> 0 | I20: =IFERROR(VLOOKUP(C20,'Listado Pilotos y Equipos'!$B$3:$P$86,12,0),"") -> GT2 | J20: jueves
B21: =+B20+1 -> 14 | C21: SLOTMANIA CAR | D21: =IFERROR(VLOOKUP(C21,'Listado Pilotos y Equipos'!$B$3:$M$86,2,0),"") -> Eduard Gil | E21: =IFERROR(VLOOKUP(Inscritos_CronoOK!$D21,Clasificaicon_Pilotos!$B$7:$M$91,13,0),0) -> 0 | F21: =IFERROR(VLOOKUP(C21,'Listado Pilotos y Equipos'!$B$3:$M$86,7,0),"") -> Adolfo Chico | G21: =IFERROR(VLOOKUP(Inscritos_CronoOK!$F21,Clasificaicon_Pilotos!$B$7:$M$91,13,0),0) -> 0 | H21: =IF(ISTEXT(E21),0,E21)+IF(ISTEXT(G21),0,G21) -> 0 | I21: =IFERROR(VLOOKUP(C21,'Listado Pilotos y Equipos'!$B$3:$P$86,12,0),"") -> RESISBARNA | J21: jueves
B22: =+B21+1 -> 15 | C22: SLOTMANIA | D22: =IFERROR(VLOOKUP(C22,'Listado Pilotos y Equipos'!$B$3:$M$86,2,0),"") -> Besay Porta | E22: =IFERROR(VLOOKUP(Inscritos_CronoOK!$D22,Clasificaicon_Pilotos!$B$7:$M$91,13,0),0) -> 0 | F22: =IFERROR(VLOOKUP(C22,'Listado Pilotos y Equipos'!$B$3:$M$86,7,0),"") -> Ignasi Baldominos | G22: =IFERROR(VLOOKUP(Inscritos_CronoOK!$F22,Clasificaicon_Pilotos!$B$7:$M$91,13,0),0) -> 0 | H22: =IF(ISTEXT(E22),0,E22)+IF(ISTEXT(G22),0,G22) -> 0 | I22: =IFERROR(VLOOKUP(C22,'Listado Pilotos y Equipos'!$B$3:$P$86,12,0),"") -> RESISBARNA | J22: Viernes
B23: =+B22+1 -> 16 | C23: EL SOT HORTA | D23: =IFERROR(VLOOKUP(C23,'Listado Pilotos y Equipos'!$B$3:$M$86,2,0),"") -> Miquel Bonavida | E23: =IFERROR(VLOOKUP(Inscritos_CronoOK!$D23,Clasificaicon_Pilotos!$B$7:$M$91,13,0),0) -> 0 | F23: =IFERROR(VLOOKUP(C23,'Listado Pilotos y Equipos'!$B$3:$M$86,7,0),"") -> Lorenzo Rodriguez | G23: =IFERROR(VLOOKUP(Inscritos_CronoOK!$F23,Clasificaicon_Pilotos!$B$7:$M$91,13,0),0) -> 0 | H23: =IF(ISTEXT(E23),0,E23)+IF(ISTEXT(G23),0,G23) -> 0 | I23: =IFERROR(VLOOKUP(C23,'Listado Pilotos y Equipos'!$B$3:$P$86,12,0),"") -> RESISBARNA | J23: Viernes
B24: =+B23+1 -> 17 | C24: CRONO3 | D24: =IFERROR(VLOOKUP(C24,'Listado Pilotos y Equipos'!$B$3:$M$86,2,0),"") -> Rafael Muñoz | E24: =IFERROR(VLOOKUP(Inscritos_CronoOK!$D24,Clasificaicon_Pilotos!$B$7:$M$91,13,0),0) -> 0 | F24: =IFERROR(VLOOKUP(C24,'Listado Pilotos y Equipos'!$B$3:$M$86,7,0),"") -> Victor Lopez | G24: =IFERROR(VLOOKUP(Inscritos_CronoOK!$F24,Clasificaicon_Pilotos!$B$7:$M$91,13,0),0) -> 0 | H24: =IF(ISTEXT(E24),0,E24)+IF(ISTEXT(G24),0,G24) -> 0 | I24: =IFERROR(VLOOKUP(C24,'Listado Pilotos y Equipos'!$B$3:$P$86,12,0),"") -> GT2 | J24: jueves
B25: =+B24+1 -> 18 | C25: CRONO1 | D25: =IFERROR(VLOOKUP(C25,'Listado Pilotos y Equipos'!$B$3:$M$86,2,0),"") -> Javier Muñoz | E25: =IFERROR(VLOOKUP(Inscritos_CronoOK!$D25,Clasificaicon_Pilotos!$B$7:$M$96,13,0),0) -> 0 | F25: =IFERROR(VLOOKUP(C25,'Listado Pilotos y Equipos'!$B$3:$M$86,7,0),"") -> Miguel Angel Garcia | G25: =IFERROR(VLOOKUP(Inscritos_CronoOK!$F25,Clasificaicon_Pilotos!$B$7:$M$96,13,0),0) -> 0 | H25: =IF(ISTEXT(E25),0,E25)+IF(ISTEXT(G25),0,G25) -> 0 | I25: =IFERROR(VLOOKUP(C25,'Listado Pilotos y Equipos'!$B$3:$P$86,12,0),"") -> SCALEAUTO_CUP | J25: Viernes
B26: =+B25+1 -> 19 | C26: CRONO2 | D26: =IFERROR(VLOOKUP(C26,'Listado Pilotos y Equipos'!$B$3:$M$86,2,0),"") -> Marius Magro | E26: =IFERROR(VLOOKUP(Inscritos_CronoOK!$D26,Clasificaicon_Pilotos!$B$7:$M$91,13,0),0) -> 0 | F26: =IFERROR(VLOOKUP(C26,'Listado Pilotos y Equipos'!$B$3:$M$86,7,0),"") -> Raul Cabello | G26: =IFERROR(VLOOKUP(Inscritos_CronoOK!$F26,Clasificaicon_Pilotos!$B$7:$M$91,13,0),0) -> 0 | H26: =IF(ISTEXT(E26),0,E26)+IF(ISTEXT(G26),0,G26) -> 0 | I26: =IFERROR(VLOOKUP(C26,'Listado Pilotos y Equipos'!$B$3:$P$86,12,0),"") -> GT2 | J26: Viernes
B27: =+B26+1 -> 20 | C27: SLOTSAB JUNIOR | D27: =IFERROR(VLOOKUP(C27,'Listado Pilotos y Equipos'!$B$3:$M$86,2,0),"") -> Sergi Martinez | E27: =IFERROR(VLOOKUP(Inscritos_CronoOK!$D27,Clasificaicon_Pilotos!$B$7:$M$91,13,0),0) -> 0 | F27: =IFERROR(VLOOKUP(C27,'Listado Pilotos y Equipos'!$B$3:$M$86,7,0),"") -> Victor Leon | G27: =IFERROR(VLOOKUP(Inscritos_CronoOK!$F27,Clasificaicon_Pilotos!$B$7:$M$91,13,0),0) -> 0 | H27: =IF(ISTEXT(E27),0,E27)+IF(ISTEXT(G27),0,G27) -> 0 | I27: =IFERROR(VLOOKUP(C27,'Listado Pilotos y Equipos'!$B$3:$P$86,12,0),"") -> SCALEAUTO_CUP | J27: jueves
B28: =+B27+1 -> 21 | C28: GASCLAVAT FEELGOOD | D28: =IFERROR(VLOOKUP(C28,'Listado Pilotos y Equipos'!$B$3:$M$86,2,0),"") -> Xavi Bellot | E28: =IFERROR(VLOOKUP(Inscritos_CronoOK!$D28,Clasificaicon_Pilotos!$B$7:$M$91,13,0),0) -> 0 | F28: =IFERROR(VLOOKUP(C28,'Listado Pilotos y Equipos'!$B$3:$M$86,7,0),"") -> Cristian Diaz | G28: =IFERROR(VLOOKUP(Inscritos_CronoOK!$F28,Clasificaicon_Pilotos!$B$7:$M$91,13,0),0) -> 0 | H28: =IF(ISTEXT(E28),0,E28)+IF(ISTEXT(G28),0,G28) -> 0 | I28: =IFERROR(VLOOKUP(C28,'Listado Pilotos y Equipos'!$B$3:$P$86,12,0),"") -> GT2 | J28: jueves
B29: =+B28+1 -> 22 | C29: STP RACING | D29: =IFERROR(VLOOKUP(C29,'Listado Pilotos y Equipos'!$B$3:$M$86,2,0),"") -> Richard Arredondo | E29: =IFERROR(VLOOKUP(Inscritos_CronoOK!$D29,Clasificaicon_Pilotos!$B$7:$M$91,13,0),0) -> 0 | F29: =IFERROR(VLOOKUP(C29,'Listado Pilotos y Equipos'!$B$3:$M$86,7,0),"") -> Gabriel Rodriguez | G29: =IFERROR(VLOOKUP(Inscritos_CronoOK!$F29,Clasificaicon_Pilotos!$B$7:$M$91,13,0),0) -> 0 | H29: =IF(ISTEXT(E29),0,E29)+IF(ISTEXT(G29),0,G29) -> 0 | I29: =IFERROR(VLOOKUP(C29,'Listado Pilotos y Equipos'!$B$3:$P$86,12,0),"") -> RESISBARNA | J29: Viernes
B30: =+B29+1 -> 23 | C30: NOUTEAM SLOT_ | D30: =IFERROR(VLOOKUP(C30,'Listado Pilotos y Equipos'!$B$3:$M$86,2,0),"") -> Jordi Muñoz | E30: =IFERROR(VLOOKUP(Inscritos_CronoOK!$D30,Clasificaicon_Pilotos!$B$7:$M$91,13,0),0) -> 0 | F30: =IFERROR(VLOOKUP(C30,'Listado Pilotos y Equipos'!$B$3:$M$86,7,0),"") -> David Vendrell | G30: =IFERROR(VLOOKUP(Inscritos_CronoOK!$F30,Clasificaicon_Pilotos!$B$7:$M$91,13,0),0) -> 0 | H30: =IF(ISTEXT(E30),0,E30)+IF(ISTEXT(G30),0,G30) -> 0 | I30: =IFERROR(VLOOKUP(C30,'Listado Pilotos y Equipos'!$B$3:$P$86,12,0),"") -> GT2 | J30: jueves
B31: =+B30+1 -> 24 | C31: TOAD SCM | D31: =IFERROR(VLOOKUP(C31,'Listado Pilotos y Equipos'!$B$3:$M$86,2,0),"") -> Jordi Cantos | E31: =IFERROR(VLOOKUP(Inscritos_CronoOK!$D31,Clasificaicon_Pilotos!$B$7:$M$91,13,0),0) -> 0 | F31: =IFERROR(VLOOKUP(C31,'Listado Pilotos y Equipos'!$B$3:$M$86,7,0),"") -> Raul Ramírez | G31: =IFERROR(VLOOKUP(Inscritos_CronoOK!$F31,Clasificaicon_Pilotos!$B$7:$M$91,13,0),0) -> 0 | H31: =IF(ISTEXT(E31),0,E31)+IF(ISTEXT(G31),0,G31) -> 0 | I31: =IFERROR(VLOOKUP(C31,'Listado Pilotos y Equipos'!$B$3:$P$86,12,0),"") -> GT2 | J31: jueves
B32: =+B31+1 -> 25 | D32: =IFERROR(VLOOKUP(C32,'Listado Pilotos y Equipos'!$B$3:$M$86,2,0),"") | E32: =IFERROR(VLOOKUP(Inscritos_CronoOK!$D32,Clasificaicon_Pilotos!$B$7:$M$91,13,0),0) -> 0 | F32: =IFERROR(VLOOKUP(C32,'Listado Pilotos y Equipos'!$B$3:$M$86,7,0),"") | G32: =IFERROR(VLOOKUP(Inscritos_CronoOK!$F32,Clasificaicon_Pilotos!$B$7:$M$91,13,0),0) -> 0 | H32: =IF(ISTEXT(E32),0,E32)+IF(ISTEXT(G32),0,G32) -> 0 | I32: =IFERROR(VLOOKUP(C32,'Listado Pilotos y Equipos'!$B$3:$P$86,12,0),"")
B33: =+B32+1 -> 26 | D33: =IFERROR(VLOOKUP(C33,'Listado Pilotos y Equipos'!$B$3:$M$86,2,0),"") | E33: =IFERROR(VLOOKUP(Inscritos_CronoOK!$D33,Clasificaicon_Pilotos!$B$7:$M$96,13,0),0) -> 0 | F33: =IFERROR(VLOOKUP(C33,'Listado Pilotos y Equipos'!$B$3:$M$86,7,0),"") | G33: =IFERROR(VLOOKUP(Inscritos_CronoOK!$F33,Clasificaicon_Pilotos!$B$7:$M$96,13,0),0) -> 0 | H33: =IF(ISTEXT(E33),0,E33)+IF(ISTEXT(G33),0,G33) -> 0 | I33: =IFERROR(VLOOKUP(C33,'Listado Pilotos y Equipos'!$B$3:$P$86,12,0),"")
B34: =+B33+1 -> 27 | D34: =IFERROR(VLOOKUP(C34,'Listado Pilotos y Equipos'!$B$3:$M$86,2,0),"") | E34: =IFERROR(VLOOKUP(Inscritos_CronoOK!$D34,Clasificaicon_Pilotos!$B$7:$M$91,13,0),0) -> 0 | F34: =IFERROR(VLOOKUP(C34,'Listado Pilotos y Equipos'!$B$3:$M$86,7,0),"") | G34: =IFERROR(VLOOKUP(Inscritos_CronoOK!$F34,Clasificaicon_Pilotos!$B$7:$M$91,13,0),0) -> 0 | H34: =IF(ISTEXT(E34),0,E34)+IF(ISTEXT(G34),0,G34) -> 0 | I34: =IFERROR(VLOOKUP(C34,'Listado Pilotos y Equipos'!$B$3:$P$86,12,0),"")
B35: =+B34+1 -> 28 | D35: =IFERROR(VLOOKUP(C35,'Listado Pilotos y Equipos'!$B$3:$M$86,2,0),"") | E35: =IFERROR(VLOOKUP(Inscritos_CronoOK!$D35,Clasificaicon_Pilotos!$B$7:$M$91,13,0),0) -> 0 | F35: =IFERROR(VLOOKUP(C35,'Listado Pilotos y Equipos'!$B$3:$M$86,7,0),"") | G35: =IFERROR(VLOOKUP(Inscritos_CronoOK!$F35,Clasificaicon_Pilotos!$B$7:$M$91,13,0),0) -> 0 | H35: =IF(ISTEXT(E35),0,E35)+IF(ISTEXT(G35),0,G35) -> 0 | I35: =IFERROR(VLOOKUP(C35,'Listado Pilotos y Equipos'!$B$3:$P$86,12,0),"")
B36: =+B35+1 -> 29 | D36: =IFERROR(VLOOKUP(C36,'Listado Pilotos y Equipos'!$B$3:$M$86,2,0),"") | E36: =IFERROR(VLOOKUP(Inscritos_CronoOK!$D36,Clasificaicon_Pilotos!$B$7:$M$91,13,0),0) -> 0 | F36: =IFERROR(VLOOKUP(C36,'Listado Pilotos y Equipos'!$B$3:$M$86,7,0),"") | G36: =IFERROR(VLOOKUP(Inscritos_CronoOK!$F36,Clasificaicon_Pilotos!$B$7:$M$91,13,0),0) -> 0 | H36: =IF(ISTEXT(E36),0,E36)+IF(ISTEXT(G36),0,G36) -> 0 | I36: =IFERROR(VLOOKUP(C36,'Listado Pilotos y Equipos'!$B$3:$P$86,12,0),"")
B37: =+B36+1 -> 30 | D37: =IFERROR(VLOOKUP(C37,'Listado Pilotos y Equipos'!$B$3:$M$86,2,0),"") | E37: =IFERROR(VLOOKUP(Inscritos_CronoOK!$D37,Clasificaicon_Pilotos!$B$7:$M$91,13,0),0) -> 0 | F37: =IFERROR(VLOOKUP(C37,'Listado Pilotos y Equipos'!$B$3:$M$86,7,0),"") | G37: =IFERROR(VLOOKUP(Inscritos_CronoOK!$F37,Clasificaicon_Pilotos!$B$7:$M$91,13,0),0) -> 0 | H37: =IF(ISTEXT(E37),0,E37)+IF(ISTEXT(G37),0,G37) -> 0 | I37: =IFERROR(VLOOKUP(C37,'Listado Pilotos y Equipos'!$B$3:$P$86,12,0),"")
B38: =+B37+1 -> 31 | D38: =IFERROR(VLOOKUP(C38,'Listado Pilotos y Equipos'!$B$3:$M$86,2,0),"") | E38: =IFERROR(VLOOKUP(Inscritos_CronoOK!$D38,Clasificaicon_Pilotos!$B$7:$M$91,13,0),0) -> 0 | F38: =IFERROR(VLOOKUP(C38,'Listado Pilotos y Equipos'!$B$3:$M$86,7,0),"") | G38: =IFERROR(VLOOKUP(Inscritos_CronoOK!$F38,Clasificaicon_Pilotos!$B$7:$M$91,13,0),0) -> 0 | H38: =IF(ISTEXT(E38),0,E38)+IF(ISTEXT(G38),0,G38) -> 0 | I38: =IFERROR(VLOOKUP(C38,'Listado Pilotos y Equipos'!$B$3:$P$86,12,0),"")
B39: =+B38+1 -> 32 | D39: =IFERROR(VLOOKUP(C39,'Listado Pilotos y Equipos'!$B$3:$M$86,2,0),"") | E39: =IFERROR(VLOOKUP(Inscritos_CronoOK!$D39,Clasificaicon_Pilotos!$B$7:$M$91,13,0),0) -> 0 | F39: =IFERROR(VLOOKUP(C39,'Listado Pilotos y Equipos'!$B$3:$M$86,7,0),"") | G39: =IFERROR(VLOOKUP(Inscritos_CronoOK!$F39,Clasificaicon_Pilotos!$B$7:$M$91,13,0),0) -> 0 | H39: =IF(ISTEXT(E39),0,E39)+IF(ISTEXT(G39),0,G39) -> 0 | I39: =IFERROR(VLOOKUP(C39,'Listado Pilotos y Equipos'!$B$3:$P$86,12,0),"")
B40: =+B39+1 -> 33 | D40: =IFERROR(VLOOKUP(C40,'Listado Pilotos y Equipos'!$B$3:$M$86,2,0),"") | E40: =IFERROR(VLOOKUP(Inscritos_CronoOK!$D40,Clasificaicon_Pilotos!$B$7:$M$91,13,0),0) -> 0 | F40: =IFERROR(VLOOKUP(C40,'Listado Pilotos y Equipos'!$B$3:$M$86,7,0),"") | G40: =IFERROR(VLOOKUP(Inscritos_CronoOK!$F40,Clasificaicon_Pilotos!$B$7:$M$91,13,0),0) -> 0 | H40: =IF(ISTEXT(E40),0,E40)+IF(ISTEXT(G40),0,G40) -> 0 | I40: =IFERROR(VLOOKUP(C40,'Listado Pilotos y Equipos'!$B$3:$P$86,12,0),"")
B41: =+B40+1 -> 34 | D41: =IFERROR(VLOOKUP(C41,'Listado Pilotos y Equipos'!$B$3:$M$86,2,0),"") | E41: =IFERROR(VLOOKUP(Inscritos_CronoOK!$D41,Clasificaicon_Pilotos!$B$7:$M$96,13,0),0) -> 0 | F41: =IFERROR(VLOOKUP(C41,'Listado Pilotos y Equipos'!$B$3:$M$86,7,0),"") | G41: =IFERROR(VLOOKUP(Inscritos_CronoOK!$F41,Clasificaicon_Pilotos!$B$7:$M$96,13,0),0) -> 0 | H41: =IF(ISTEXT(E41),0,E41)+IF(ISTEXT(G41),0,G41) -> 0 | I41: =IFERROR(VLOOKUP(C41,'Listado Pilotos y Equipos'!$B$3:$P$86,12,0),"")
B42: =+B41+1 -> 35 | D42: =IFERROR(VLOOKUP(C42,'Listado Pilotos y Equipos'!$B$3:$M$86,2,0),"") | E42: =IFERROR(VLOOKUP(Inscritos_CronoOK!$D42,Clasificaicon_Pilotos!$B$7:$M$91,13,0),0) -> 0 | F42: =IFERROR(VLOOKUP(C42,'Listado Pilotos y Equipos'!$B$3:$M$86,7,0),"") | G42: =IFERROR(VLOOKUP(Inscritos_CronoOK!$F42,Clasificaicon_Pilotos!$B$7:$M$91,13,0),0) -> 0 | H42: =IF(ISTEXT(E42),0,E42)+IF(ISTEXT(G42),0,G42) -> 0 | I42: =IFERROR(VLOOKUP(C42,'Listado Pilotos y Equipos'!$B$3:$P$86,12,0),"")
B43: =+B42+1 -> 36 | D43: =IFERROR(VLOOKUP(C43,'Listado Pilotos y Equipos'!$B$3:$M$86,2,0),"") | E43: =IFERROR(VLOOKUP(Inscritos_CronoOK!$D43,Clasificaicon_Pilotos!$B$7:$M$91,13,0),0) -> 0 | F43: =IFERROR(VLOOKUP(C43,'Listado Pilotos y Equipos'!$B$3:$M$86,7,0),"") | G43: =IFERROR(VLOOKUP(Inscritos_CronoOK!$F43,Clasificaicon_Pilotos!$B$7:$M$91,13,0),0) -> 0 | H43: =IF(ISTEXT(E43),0,E43)+IF(ISTEXT(G43),0,G43) -> 0 | I43: =IFERROR(VLOOKUP(C43,'Listado Pilotos y Equipos'!$B$3:$P$86,12,0),"")
B44: =+B43+1 -> 37 | D44: =IFERROR(VLOOKUP(C44,'Listado Pilotos y Equipos'!$B$3:$M$86,2,0),"") | E44: =IFERROR(VLOOKUP(Inscritos_CronoOK!$D44,Clasificaicon_Pilotos!$B$7:$M$91,13,0),0) -> 0 | F44: =IFERROR(VLOOKUP(C44,'Listado Pilotos y Equipos'!$B$3:$M$86,7,0),"") | G44: =IFERROR(VLOOKUP(Inscritos_CronoOK!$F44,Clasificaicon_Pilotos!$B$7:$M$91,13,0),0) -> 0 | H44: =IF(ISTEXT(E44),0,E44)+IF(ISTEXT(G44),0,G44) -> 0 | I44: =IFERROR(VLOOKUP(C44,'Listado Pilotos y Equipos'!$B$3:$P$86,12,0),"")
B45: =+B44+1 -> 38 | D45: =IFERROR(VLOOKUP(C45,'Listado Pilotos y Equipos'!$B$3:$M$86,2,0),"") | E45: =IFERROR(VLOOKUP(Inscritos_CronoOK!$D45,Clasificaicon_Pilotos!$B$7:$M$91,13,0),0) -> 0 | F45: =IFERROR(VLOOKUP(C45,'Listado Pilotos y Equipos'!$B$3:$M$86,7,0),"") | G45: =IFERROR(VLOOKUP(Inscritos_CronoOK!$F45,Clasificaicon_Pilotos!$B$7:$M$91,13,0),0) -> 0 | H45: =IF(ISTEXT(E45),0,E45)+IF(ISTEXT(G45),0,G45) -> 0 | I45: =IFERROR(VLOOKUP(C45,'Listado Pilotos y Equipos'!$B$3:$P$86,12,0),"")
B46: =+B45+1 -> 39 | D46: =IFERROR(VLOOKUP(C46,'Listado Pilotos y Equipos'!$B$3:$M$86,2,0),"") | E46: =IFERROR(VLOOKUP(Inscritos_CronoOK!$D46,Clasificaicon_Pilotos!$B$7:$M$91,13,0),0) -> 0 | F46: =IFERROR(VLOOKUP(C46,'Listado Pilotos y Equipos'!$B$3:$M$86,7,0),"") | G46: =IFERROR(VLOOKUP(Inscritos_CronoOK!$F46,Clasificaicon_Pilotos!$B$7:$M$91,13,0),0) -> 0 | H46: =IF(ISTEXT(E46),0,E46)+IF(ISTEXT(G46),0,G46) -> 0 | I46: =IFERROR(VLOOKUP(C46,'Listado Pilotos y Equipos'!$B$3:$P$86,12,0),"")
B47: =+B46+1 -> 40 | D47: =IFERROR(VLOOKUP(C47,'Listado Pilotos y Equipos'!$B$3:$M$86,2,0),"") | E47: =IFERROR(VLOOKUP(Inscritos_CronoOK!$D47,Clasificaicon_Pilotos!$B$7:$M$91,13,0),0) -> 0 | F47: =IFERROR(VLOOKUP(C47,'Listado Pilotos y Equipos'!$B$3:$M$86,7,0),"") | G47: =IFERROR(VLOOKUP(Inscritos_CronoOK!$F47,Clasificaicon_Pilotos!$B$7:$M$91,13,0),0) -> 0 | H47: =IF(ISTEXT(E47),0,E47)+IF(ISTEXT(G47),0,G47) -> 0 | I47: =IFERROR(VLOOKUP(C47,'Listado Pilotos y Equipos'!$B$3:$P$86,12,0),"")
B48: =+B47+1 -> 41 | D48: =IFERROR(VLOOKUP(C48,'Listado Pilotos y Equipos'!$B$3:$M$86,2,0),"") | E48: =IFERROR(VLOOKUP(Inscritos_CronoOK!$D48,Clasificaicon_Pilotos!$B$7:$M$91,13,0),0) -> 0 | F48: =IFERROR(VLOOKUP(C48,'Listado Pilotos y Equipos'!$B$3:$M$86,7,0),"") | G48: =IFERROR(VLOOKUP(Inscritos_CronoOK!$F48,Clasificaicon_Pilotos!$B$7:$M$91,13,0),0) -> 0 | H48: =IF(ISTEXT(E48),0,E48)+IF(ISTEXT(G48),0,G48) -> 0 | I48: =IFERROR(VLOOKUP(C48,'Listado Pilotos y Equipos'!$B$3:$P$86,12,0),"")
B49: =+B48+1 -> 42 | D49: =IFERROR(VLOOKUP(C49,'Listado Pilotos y Equipos'!$B$3:$M$86,2,0),"") | E49: =IFERROR(VLOOKUP(Inscritos_CronoOK!$D49,Clasificaicon_Pilotos!$B$7:$M$91,13,0),0) -> 0 | F49: =IFERROR(VLOOKUP(C49,'Listado Pilotos y Equipos'!$B$3:$M$86,7,0),"") | G49: =IFERROR(VLOOKUP(Inscritos_CronoOK!$F49,Clasificaicon_Pilotos!$B$7:$M$96,13,0),0) -> 0 | H49: =IF(ISTEXT(E49),0,E49)+IF(ISTEXT(G49),0,G49) -> 0 | I49: =IFERROR(VLOOKUP(C49,'Listado Pilotos y Equipos'!$B$3:$P$86,12,0),"")
B50: =+B49+1 -> 43 | D50: =IFERROR(VLOOKUP(C50,'Listado Pilotos y Equipos'!$B$3:$M$86,2,0),"") | E50: =IFERROR(VLOOKUP(Inscritos_CronoOK!$D50,Clasificaicon_Pilotos!$B$7:$M$91,13,0),0) -> 0 | F50: =IFERROR(VLOOKUP(C50,'Listado Pilotos y Equipos'!$B$3:$M$86,7,0),"") | G50: =IFERROR(VLOOKUP(Inscritos_CronoOK!$F50,Clasificaicon_Pilotos!$B$7:$M$91,13,0),0) -> 0 | H50: =IF(ISTEXT(E50),0,E50)+IF(ISTEXT(G50),0,G50) -> 0 | I50: =IFERROR(VLOOKUP(C50,'Listado Pilotos y Equipos'!$B$3:$P$86,12,0),"")
B51: =+B50+1 -> 44 | D51: =IFERROR(VLOOKUP(C51,'Listado Pilotos y Equipos'!$B$3:$M$86,2,0),"") | E51: =IFERROR(VLOOKUP(Inscritos_CronoOK!$D51,Clasificaicon_Pilotos!$B$7:$M$91,13,0),0) -> 0 | F51: =IFERROR(VLOOKUP(C51,'Listado Pilotos y Equipos'!$B$3:$M$86,7,0),"") | G51: =IFERROR(VLOOKUP(Inscritos_CronoOK!$F51,Clasificaicon_Pilotos!$B$7:$M$91,13,0),0) -> 0 | H51: =IF(ISTEXT(E51),0,E51)+IF(ISTEXT(G51),0,G51) -> 0 | I51: =IFERROR(VLOOKUP(C51,'Listado Pilotos y Equipos'!$B$3:$P$86,12,0),"")
B52: =+B51+1 -> 45 | D52: =IFERROR(VLOOKUP(C52,'Listado Pilotos y Equipos'!$B$3:$M$86,2,0),"") | E52: =IFERROR(VLOOKUP(Inscritos_CronoOK!$D52,Clasificaicon_Pilotos!$B$7:$M$91,13,0),0) -> 0 | F52: =IFERROR(VLOOKUP(C52,'Listado Pilotos y Equipos'!$B$3:$M$86,7,0),"") | G52: =IFERROR(VLOOKUP(Inscritos_CronoOK!$F52,Clasificaicon_Pilotos!$B$7:$M$91,13,0),0) -> 0 | H52: =IF(ISTEXT(E52),0,E52)+IF(ISTEXT(G52),0,G52) -> 0 | I52: =IFERROR(VLOOKUP(C52,'Listado Pilotos y Equipos'!$B$3:$P$86,12,0),"")

Sheet Mangas_CronoOK
A5: MANGA JUEVES
A7: # | B7: EQUIPO | C7: CARRIL SALIDA | D7: PILOTO1 | E7: CARRILES | F7: PTOS. | G7: PILOTO2 | H7: CARRILES2 | I7: PTOS.3 | J7: TOTAL
A8: 1 | B8: DZERO SOT | C8: 2 | D8: =IFERROR(VLOOKUP(B8,'Listado Pilotos y Equipos'!$B$3:$M$86,2,0),"") -> Israel Nevado | F8: =IFERROR(VLOOKUP(Mangas_CronoOK!$D8,Clasificaicon_Pilotos!$B$7:$M$91,13,0),0) -> 0 | G8: =IFERROR(VLOOKUP(B8,'Listado Pilotos y Equipos'!$B$3:$M$86,7,0),"") -> Victor Gonzalez | I8: =IFERROR(VLOOKUP(Mangas_CronoOK!$G8,Clasificaicon_Pilotos!$B$7:$M$91,13,0),0) -> 0 | J8: =IFERROR(F8+I8,0) -> 0
A9: 2 | B9: EL SOT CALAVERAS | C9: 4 | D9: =IFERROR(VLOOKUP(B9,'Listado Pilotos y Equipos'!$B$3:$M$86,2,0),"") -> Jorge Valdivieso | F9: =IFERROR(VLOOKUP(Mangas_CronoOK!$D9,Clasificaicon_Pilotos!$B$7:$M$91,13,0),0) -> 0 | G9: =IFERROR(VLOOKUP(B9,'Listado Pilotos y Equipos'!$B$3:$M$86,7,0),"") -> Alberto Bolsa | I9: =IFERROR(VLOOKUP(Mangas_CronoOK!$G9,Clasificaicon_Pilotos!$B$7:$M$91,13,0),0) -> 0 | J9: =IFERROR(F9+I9,0) -> 0
A10: 3 | B10: GASCLAVAT FEELGOOD | C10: 1 | D10: =IFERROR(VLOOKUP(B10,'Listado Pilotos y Equipos'!$B$3:$M$86,2,0),"") -> Xavi Bellot | F10: =IFERROR(VLOOKUP(Mangas_CronoOK!$D10,Clasificaicon_Pilotos!$B$7:$M$91,13,0),0) -> 0 | G10: =IFERROR(VLOOKUP(B10,'Listado Pilotos y Equipos'!$B$3:$M$86,7,0),"") -> Cristian Diaz | I10: =IFERROR(VLOOKUP(Mangas_CronoOK!$G10,Clasificaicon_Pilotos!$B$7:$M$91,13,0),0) -> 0 | J10: =IFERROR(F10+I10,0) -> 0
A11: 4 | B11: TRELEC | C11: 3 | D11: =IFERROR(VLOOKUP(B11,'Listado Pilotos y Equipos'!$B$3:$M$86,2,0),"") -> Albert Figuerola | F11: =IFERROR(VLOOKUP(Mangas_CronoOK!$D11,Clasificaicon_Pilotos!$B$7:$M$91,13,0),0) -> 0 | G11: =IFERROR(VLOOKUP(B11,'Listado Pilotos y Equipos'!$B$3:$M$86,7,0),"") -> Cesc Figueras | I11: =IFERROR(VLOOKUP(Mangas_CronoOK!$G11,Clasificaicon_Pilotos!$B$7:$M$91,13,0),0) -> 0 | J11: =IFERROR(F11+I11,0) -> 0
A12: 5 | B12: SLOTFOURMANIA | C12: 6 | D12: =IFERROR(VLOOKUP(B12,'Listado Pilotos y Equipos'!$B$3:$M$86,2,0),"") -> Jaume Llobet | F12: =IFERROR(VLOOKUP(Mangas_CronoOK!$D12,Clasificaicon_Pilotos!$B$7:$M$91,13,0),0) -> 0 | G12: =IFERROR(VLOOKUP(B12,'Listado Pilotos y Equipos'!$B$3:$M$86,7,0),"") -> Oscar Vila | I12: =IFERROR(VLOOKUP(Mangas_CronoOK!$G12,Clasificaicon_Pilotos!$B$7:$M$91,13,0),0) -> 0 | J12: =IFERROR(F12+I12,0) -> 0
A13: 6 | B13: ESTEL·LATS | C13: 5 | D13: =IFERROR(VLOOKUP(B13,'Listado Pilotos y Equipos'!$B$3:$M$86,2,0),"") -> Enric Illa | F13: =IFERROR(VLOOKUP(Mangas_CronoOK!$D13,Clasificaicon_Pilotos!$B$7:$M$91,13,0),0) -> 0 | G13: =IFERROR(VLOOKUP(B13,'Listado Pilotos y Equipos'!$B$3:$M$86,7,0),"") -> Jordi Simo | I13: =IFERROR(VLOOKUP(Mangas_CronoOK!$G13,Clasificaicon_Pilotos!$B$7:$M$91,13,0),0) -> 0 | J13: =IFERROR(F13+I13,0) -> 0
A14: 7 | B14: SLOTSAB JUNIOR | C14: 4 | D14: =IFERROR(VLOOKUP(B14,'Listado Pilotos y Equipos'!$B$3:$M$86,2,0),"") -> Sergi Martinez | F14: =IFERROR(VLOOKUP(Mangas_CronoOK!$D14,Clasificaicon_Pilotos!$B$7:$M$91,13,0),0) -> 0 | G14: =IFERROR(VLOOKUP(B14,'Listado Pilotos y Equipos'!$B$3:$M$86,7,0),"") -> Victor Leon | I14: =IFERROR(VLOOKUP(Mangas_CronoOK!$G14,Clasificaicon_Pilotos!$B$7:$M$91,13,0),0) -> 0 | J14: =IFERROR(F14+I14,0) -> 0
A15: 8 | B15: TOAD SCM | C15: 2 | D15: =IFERROR(VLOOKUP(B15,'Listado Pilotos y Equipos'!$B$3:$M$86,2,0),"") -> Jordi Cantos | F15: =IFERROR(VLOOKUP(Mangas_CronoOK!$D15,Clasificaicon_Pilotos!$B$7:$M$91,13,0),0) -> 0 | G15: =IFERROR(VLOOKUP(B15,'Listado Pilotos y Equipos'!$B$3:$M$86,7,0),"") -> Raul Ramírez | I15: =IFERROR(VLOOKUP(Mangas_CronoOK!$G15,Clasificaicon_Pilotos!$B$7:$M$91,13,0),0) -> 0 | J15: =IFERROR(F15+I15,0) -> 0
A16: 9 | B16: SLOTSAB JOOS | C16: 3 | D16: =IFERROR(VLOOKUP(B16,'Listado Pilotos y Equipos'!$B$3:$M$86,2,0),"") -> Oscar Sanchez | F16: =IFERROR(VLOOKUP(Mangas_CronoOK!$D16,Clasificaicon_Pilotos!$B$7:$M$91,13,0),0) -> 0 | G16: =IFERROR(VLOOKUP(B16,'Listado Pilotos y Equipos'!$B$3:$M$86,7,0),"") -> Jose Maria Martinez | I16: =IFERROR(VLOOKUP(Mangas_CronoOK!$G16,Clasificaicon_Pilotos!$B$7:$M$91,13,0),0) -> 0 | J16: =IFERROR(F16+I16,0) -> 0
A17: 10 | B17: SLOTMANIA CAR | C17: 1 | D17: =IFERROR(VLOOKUP(B17,'Listado Pilotos y Equipos'!$B$3:$M$86,2,0),"") -> Eduard Gil | F17: =IFERROR(VLOOKUP(Mangas_CronoOK!$D17,Clasificaicon_Pilotos!$B$7:$M$91,13,0),0) -> 0 | G17: Bernat Vila | I17: =IFERROR(VLOOKUP(Mangas_CronoOK!$G17,Clasificaicon_Pilotos!$B$7:$M$91,13,0),0) -> 0 | J17: =IFERROR(F17+I17,0) -> 0
A18: 11 | B18: CRONO3 | D18: =IFERROR(VLOOKUP(B18,'Listado Pilotos y Equipos'!$B$3:$M$86,2,0),"") -> Rafael Muñoz | F18: =IFERROR(VLOOKUP(Mangas_CronoOK!$D18,Clasificaicon_Pilotos!$B$7:$M$91,13,0),0) -> 0 | G18: =IFERROR(VLOOKUP(B18,'Listado Pilotos y Equipos'!$B$3:$M$86,7,0),"") -> Victor Lopez | I18: =IFERROR(VLOOKUP(Mangas_CronoOK!$G18,Clasificaicon_Pilotos!$B$7:$M$91,13,0),0) -> 0 | J18: =IFERROR(F18+I18,0) -> 0
A19: 12 | B19: NOUTEAM SLOT_ | C19: 6 | D19: =IFERROR(VLOOKUP(B19,'Listado Pilotos y Equipos'!$B$3:$M$86,2,0),"") -> Jordi Muñoz | F19: =IFERROR(VLOOKUP(Mangas_CronoOK!$D19,Clasificaicon_Pilotos!$B$7:$M$91,13,0),0) -> 0 | G19: =IFERROR(VLOOKUP(B19,'Listado Pilotos y Equipos'!$B$3:$M$86,7,0),"") -> David Vendrell | I19: =IFERROR(VLOOKUP(Mangas_CronoOK!$G19,Clasificaicon_Pilotos!$B$7:$M$91,13,0),0) -> 0 | J19: =IFERROR(F19+I19,0) -> 0
A20: 13 | B20: MILLUI | C20: 5 | D20: =IFERROR(VLOOKUP(B20,'Listado Pilotos y Equipos'!$B$3:$M$86,2,0),"") -> Lluis aldea | F20: =IFERROR(VLOOKUP(Mangas_CronoOK!$D20,Clasificaicon_Pilotos!$B$7:$M$91,13,0),0) -> 0 | G20: =IFERROR(VLOOKUP(B20,'Listado Pilotos y Equipos'!$B$3:$M$86,7,0),"") -> Miki Teres | I20: =IFERROR(VLOOKUP(Mangas_CronoOK!$G20,Clasificaicon_Pilotos!$B$7:$M$91,13,0),0) -> 0 | J20: =IFERROR(F20+I20,0) -> 0
A21: 14 | D21: =IFERROR(VLOOKUP(B21,'Listado Pilotos y Equipos'!$B$3:$M$86,2,0),"") | F21: =IFERROR(VLOOKUP(Mangas_CronoOK!$D21,Clasificaicon_Pilotos!$B$7:$M$91,13,0),0) -> 0 | G21: =IFERROR(VLOOKUP(B21,'Listado Pilotos y Equipos'!$B$3:$M$86,7,0),"") | I21: =IFERROR(VLOOKUP(Mangas_CronoOK!$G21,Clasificaicon_Pilotos!$B$7:$M$91,13,0),0) -> 0 | J21: =IFERROR(F21+I21,0) -> 0
A22: 15 | F22: =IFERROR(VLOOKUP(Mangas_CronoOK!$D22,Clasificaicon_Pilotos!$B$7:$M$91,13,0),0) -> 0 | G22: =IFERROR(VLOOKUP(B22,'Listado Pilotos y Equipos'!$B$3:$M$86,7,0),"") | I22: =IFERROR(VLOOKUP(Mangas_CronoOK!$G22,Clasificaicon_Pilotos!$B$7:$M$91,13,0),0) -> 0 | J22: =IFERROR(F22+I22,0) -> 0
A23: 16 | F23: =IFERROR(VLOOKUP(Mangas_CronoOK!$D23,Clasificaicon_Pilotos!$B$7:$M$91,13,0),0) -> 0 | G23: =IFERROR(VLOOKUP(B23,'Listado Pilotos y Equipos'!$B$3:$M$86,7,0),"") | I23: =IFERROR(VLOOKUP(Mangas_CronoOK!$G23,Clasificaicon_Pilotos!$B$7:$M$91,13,0),0) -> 0 | J23: =IFERROR(F23+I23,0) -> 0
A24: 17 | D24: =IFERROR(VLOOKUP(B24,'Listado Pilotos y Equipos'!$B$3:$M$86,2,0),"") | F24: =IFERROR(VLOOKUP(Mangas_CronoOK!$D24,Clasificaicon_Pilotos!$B$7:$M$91,13,0),0) -> 0 | G24: =IFERROR(VLOOKUP(B24,'Listado Pilotos y Equipos'!$B$3:$M$86,7,0),"") | I24: =IFERROR(VLOOKUP(Mangas_CronoOK!$G24,Clasificaicon_Pilotos!$B$7:$M$91,13,0),0) -> 0 | J24: =IFERROR(F24+I24,0) -> 0
A25: 18 | D25: =IFERROR(VLOOKUP(B25,'Listado Pilotos y Equipos'!$B$3:$M$86,2,0),"") | F25: =IFERROR(VLOOKUP(Mangas_CronoOK!$D25,Clasificaicon_Pilotos!$B$7:$M$91,13,0),0) -> 0 | G25: =IFERROR(VLOOKUP(B25,'Listado Pilotos y Equipos'!$B$3:$M$86,7,0),"") | I25: =IFERROR(VLOOKUP(Mangas_CronoOK!$G25,Clasificaicon_Pilotos!$B$7:$M$91,13,0),0) -> 0 | J25: =IFERROR(F25+I25,0) -> 0
A29: MANGA VIERNES
A31: # | B31: EQUIPO | C31: CARRIL SALIDA | D31: PILOTO1 | E31: CARRILES | F31: PTOS. | G31: PILOTO2 | H31: CARRILES2 | I31: PTOS.3 | J31: TOTAL
A32: 1 | B32: SLOTMANIA | C32: 6 | D32: =IFERROR(VLOOKUP(B32,'Listado Pilotos y Equipos'!$B$3:$M$86,2,0),"") -> Besay Porta | F32: =IFERROR(VLOOKUP(Mangas_CronoOK!$D32,Clasificaicon_Pilotos!$B$7:$M$91,13,0),0) -> 0 | G32: =IFERROR(VLOOKUP(B32,'Listado Pilotos y Equipos'!$B$3:$M$86,7,0),"") -> Ignasi Baldominos | I32: =IFERROR(VLOOKUP(Mangas_CronoOK!$G32,Clasificaicon_Pilotos!$B$7:$M$91,13,0),0) -> 0 | J32: =IFERROR(F32+I32,0) -> 0
A33: 2 | B33: HOT SLOT FOR YOU | C33: 1 | D33: =IFERROR(VLOOKUP(B33,'Listado Pilotos y Equipos'!$B$3:$M$86,2,0),"") -> Xavi Cortada | F33: =IFERROR(VLOOKUP(Mangas_CronoOK!$D33,Clasificaicon_Pilotos!$B$7:$M$91,13,0),0) -> 0 | G33: =IFERROR(VLOOKUP(B33,'Listado Pilotos y Equipos'!$B$3:$M$86,7,0),"") -> Adam Parera | I33: =IFERROR(VLOOKUP(Mangas_CronoOK!$G33,Clasificaicon_Pilotos!$B$7:$M$91,13,0),0) -> 0 | J33: =IFERROR(F33+I33,0) -> 0
A34: 3 | B34: EL SOT TEAM | C34: 4 | D34: =IFERROR(VLOOKUP(B34,'Listado Pilotos y Equipos'!$B$3:$M$86,2,0),"") -> JM Sererols | F34: =IFERROR(VLOOKUP(Mangas_CronoOK!$D34,Clasificaicon_Pilotos!$B$7:$M$91,13,0),0) -> 0 | G34: =IFERROR(VLOOKUP(B34,'Listado Pilotos y Equipos'!$B$3:$M$86,7,0),"") -> Eduard Cerda | I34: =IFERROR(VLOOKUP(Mangas_CronoOK!$G34,Clasificaicon_Pilotos!$B$7:$M$91,13,0),0) -> 0 | J34: =IFERROR(F34+I34,0) -> 0
A35: 4 | B35: EL SOT FU | C35: 2 | D35: =IFERROR(VLOOKUP(B35,'Listado Pilotos y Equipos'!$B$3:$M$86,2,0),"") -> Alex Robles | F35: =IFERROR(VLOOKUP(Mangas_CronoOK!$D35,Clasificaicon_Pilotos!$B$7:$M$91,13,0),0) -> 0 | G35: =IFERROR(VLOOKUP(B35,'Listado Pilotos y Equipos'!$B$3:$M$86,7,0),"") -> Jordi Robles | I35: =IFERROR(VLOOKUP(Mangas_CronoOK!$G35,Clasificaicon_Pilotos!$B$7:$M$91,13,0),0) -> 0 | J35: =IFERROR(F35+I35,0) -> 0
A36: 5 | B36: EL SOT HORTA | C36: 5 | D36: =IFERROR(VLOOKUP(B36,'Listado Pilotos y Equipos'!$B$3:$M$86,2,0),"") -> Miquel Bonavida | F36: =IFERROR(VLOOKUP(Mangas_CronoOK!$D36,Clasificaicon_Pilotos!$B$7:$M$91,13,0),0) -> 0 | G36: =IFERROR(VLOOKUP(B36,'Listado Pilotos y Equipos'!$B$3:$M$86,7,0),"") -> Lorenzo Rodriguez | I36: =IFERROR(VLOOKUP(Mangas_CronoOK!$G36,Clasificaicon_Pilotos!$B$7:$M$91,13,0),0) -> 0 | J36: =IFERROR(F36+I36,0) -> 0
A37: 6 | B37: STP RACING | C37: 3 | D37: =IFERROR(VLOOKUP(B37,'Listado Pilotos y Equipos'!$B$3:$M$86,2,0),"") -> Richard Arredondo | F37: =IFERROR(VLOOKUP(Mangas_CronoOK!$D37,Clasificaicon_Pilotos!$B$7:$M$91,13,0),0) -> 0 | G37: =IFERROR(VLOOKUP(B37,'Listado Pilotos y Equipos'!$B$3:$M$86,7,0),"") -> Gabriel Rodriguez | I37: =IFERROR(VLOOKUP(Mangas_CronoOK!$G37,Clasificaicon_Pilotos!$B$7:$M$91,13,0),0) -> 0 | J37: =IFERROR(F37+I37,0) -> 0
A38: 7 | B38: SLOTFORYOU | C38: 6 | D38: =IFERROR(VLOOKUP(B38,'Listado Pilotos y Equipos'!$B$3:$M$86,2,0),"") -> Joel Mendizabal | F38: =IFERROR(VLOOKUP(Mangas_CronoOK!$D38,Clasificaicon_Pilotos!$B$7:$M$91,13,0),0) -> 0 | G38: =IFERROR(VLOOKUP(B38,'Listado Pilotos y Equipos'!$B$3:$M$86,7,0),"") -> Vicens Febrero | I38: =IFERROR(VLOOKUP(Mangas_CronoOK!$G38,Clasificaicon_Pilotos!$B$7:$M$91,13,0),0) -> 0 | J38: =IFERROR(F38+I38,0) -> 0
A39: 8 | B39: OSOTNA | C39: 4 | D39: =IFERROR(VLOOKUP(B39,'Listado Pilotos y Equipos'!$B$3:$M$86,2,0),"") -> Manel Soriano | F39: =IFERROR(VLOOKUP(Mangas_CronoOK!$D39,Clasificaicon_Pilotos!$B$7:$M$91,13,0),0) -> 0 | G39: =IFERROR(VLOOKUP(B39,'Listado Pilotos y Equipos'!$B$3:$M$86,7,0),"") -> David Mercader | I39: =IFERROR(VLOOKUP(Mangas_CronoOK!$G39,Clasificaicon_Pilotos!$B$7:$M$91,13,0),0) -> 0 | J39: =IFERROR(F39+I39,0) -> 0
A40: 9 | B40: SLOT4YOU CUIDADIN | C40: 2 | D40: =IFERROR(VLOOKUP(B40,'Listado Pilotos y Equipos'!$B$3:$M$86,2,0),"") -> Sergi Saladrigas | F40: =IFERROR(VLOOKUP(Mangas_CronoOK!$D40,Clasificaicon_Pilotos!$B$7:$M$91,13,0),0) -> 0 | G40: =IFERROR(VLOOKUP(B40,'Listado Pilotos y Equipos'!$B$3:$M$86,7,0),"") -> Marc Casanovas | I40: =IFERROR(VLOOKUP(Mangas_CronoOK!$G40,Clasificaicon_Pilotos!$B$7:$M$91,13,0),0) -> 0 | J40: =IFERROR(F40+I40,0) -> 0
A41: 10 | B41: CRONO1 | C41: 1 | D41: =IFERROR(VLOOKUP(B41,'Listado Pilotos y Equipos'!$B$3:$M$86,2,0),"") -> Javier Muñoz | F41: =IFERROR(VLOOKUP(Mangas_CronoOK!$D41,Clasificaicon_Pilotos!$B$7:$M$91,13,0),0) -> 0 | G41: Marius Magro | I41: =IFERROR(VLOOKUP(Mangas_CronoOK!$G41,Clasificaicon_Pilotos!$B$7:$M$91,13,0),0) -> 0 | J41: =IFERROR(F41+I41,0) -> 0
A42: 11 | B42: CRONO3 | C42: 3 | D42: =IFERROR(VLOOKUP(B42,'Listado Pilotos y Equipos'!$B$3:$M$86,2,0),"") -> Rafael Muñoz | F42: =IFERROR(VLOOKUP(Mangas_CronoOK!$D42,Clasificaicon_Pilotos!$B$7:$M$91,13,0),0) -> 0 | G42: Xavi Pages | I42: =IFERROR(VLOOKUP(Mangas_CronoOK!$G42,Clasificaicon_Pilotos!$B$7:$M$91,13,0),0) -> 0 | J42: =IFERROR(F42+I42,0) -> 0
A43: 12 | D43: =IFERROR(VLOOKUP(B43,'Listado Pilotos y Equipos'!$B$3:$M$86,2,0),"") | F43: =IFERROR(VLOOKUP(Mangas_CronoOK!$D43,Clasificaicon_Pilotos!$B$7:$M$91,13,0),0) -> 0 | G43: =IFERROR(VLOOKUP(B43,'Listado Pilotos y Equipos'!$B$3:$M$86,7,0),"") | I43: =IFERROR(VLOOKUP(Mangas_CronoOK!$G43,Clasificaicon_Pilotos!$B$7:$M$91,13,0),0) -> 0 | J43: =IFERROR(F43+I43,0) -> 0
A44: 13 | D44: =IFERROR(VLOOKUP(B44,'Listado Pilotos y Equipos'!$B$3:$M$86,2,0),"") | F44: =IFERROR(VLOOKUP(Mangas_CronoOK!$D44,Clasificaicon_Pilotos!$B$7:$M$91,13,0),0) -> 0 | G44: =IFERROR(VLOOKUP(B44,'Listado Pilotos y Equipos'!$B$3:$M$86,7,0),"") | I44: =IFERROR(VLOOKUP(Mangas_CronoOK!$G44,Clasificaicon_Pilotos!$B$7:$M$91,13,0),0) -> 0 | J44: =IFERROR(F44+I44,0) -> 0
A45: 14 | D45: =IFERROR(VLOOKUP(B45,'Listado Pilotos y Equipos'!$B$3:$M$86,2,0),"") | F45: =IFERROR(VLOOKUP(Mangas_CronoOK!$D45,Clasificaicon_Pilotos!$B$7:$M$91,13,0),0) -> 0 | G45: =IFERROR(VLOOKUP(B45,'Listado Pilotos y Equipos'!$B$3:$M$86,7,0),"") | I45: =IFERROR(VLOOKUP(Mangas_CronoOK!$G45,Clasificaicon_Pilotos!$B$7:$M$91,13,0),0) -> 0 | J45: =IFERROR(F45+I45,0) -> 0
A46: 15 | D46: =IFERROR(VLOOKUP(B46,'Listado Pilotos y Equipos'!$B$3:$M$86,2,0),"") | F46: =IFERROR(VLOOKUP(Mangas_CronoOK!$D46,Clasificaicon_Pilotos!$B$7:$M$91,13,0),0) -> 0 | G46: =IFERROR(VLOOKUP(B46,'Listado Pilotos y Equipos'!$B$3:$M$86,7,0),"") | I46: =IFERROR(VLOOKUP(Mangas_CronoOK!$G46,Clasificaicon_Pilotos!$B$7:$M$91,13,0),0) -> 0 | J46: =IFERROR(F46+I46,0) -> 0
A47: 16 | D47: =IFERROR(VLOOKUP(B47,'Listado Pilotos y Equipos'!$B$3:$M$86,2,0),"") | F47: =IFERROR(VLOOKUP(Mangas_CronoOK!$D47,Clasificaicon_Pilotos!$B$7:$M$91,13,0),0) -> 0 | G47: =IFERROR(VLOOKUP(B47,'Listado Pilotos y Equipos'!$B$3:$M$86,7,0),"") | I47: =IFERROR(VLOOKUP(Mangas_CronoOK!$G47,Clasificaicon_Pilotos!$B$7:$M$91,13,0),0) -> 0 | J47: =IFERROR(F47+I47,0) -> 0
A48: 17 | D48: =IFERROR(VLOOKUP(B48,'Listado Pilotos y Equipos'!$B$3:$M$86,2,0),"") | F48: =IFERROR(VLOOKUP(Mangas_CronoOK!$D48,Clasificaicon_Pilotos!$B$7:$M$91,13,0),0) -> 0 | G48: =IFERROR(VLOOKUP(B48,'Listado Pilotos y Equipos'!$B$3:$M$86,7,0),"") | I48: =IFERROR(VLOOKUP(Mangas_CronoOK!$G48,Clasificaicon_Pilotos!$B$7:$M$91,13,0),0) -> 0 | J48: =IFERROR(F48+I48,0) -> 0
A49: 18 | D49: =IFERROR(VLOOKUP(B49,'Listado Pilotos y Equipos'!$B$3:$M$86,2,0),"") | F49: =IFERROR(VLOOKUP(Mangas_CronoOK!$D49,Clasificaicon_Pilotos!$B$7:$M$91,13,0),0) -> 0 | G49: =IFERROR(VLOOKUP(B49,'Listado Pilotos y Equipos'!$B$3:$M$86,7,0),"") | I49: =IFERROR(VLOOKUP(Mangas_CronoOK!$G49,Clasificaicon_Pilotos!$B$7:$M$91,13,0),0) -> 0 | J49: =IFERROR(F49+I49,0) -> 0
A50: 19 | D50: =IFERROR(VLOOKUP(B50,'Listado Pilotos y Equipos'!$B$3:$M$86,2,0),"") | F50: =IFERROR(VLOOKUP(Mangas_CronoOK!$D50,Clasificaicon_Pilotos!$B$7:$M$91,13,0),0) -> 0 | G50: =IFERROR(VLOOKUP(B50,'Listado Pilotos y Equipos'!$B$3:$M$86,7,0),"") | I50: =IFERROR(VLOOKUP(Mangas_CronoOK!$G50,Clasificaicon_Pilotos!$B$7:$M$91,13,0),0) -> 0 | J50: =IFERROR(F50+I50,0) -> 0
A51: 20 | D51: =IFERROR(VLOOKUP(B51,'Listado Pilotos y Equipos'!$B$3:$M$86,2,0),"") | F51: =IFERROR(VLOOKUP(Mangas_CronoOK!$D51,Clasificaicon_Pilotos!$B$7:$M$91,13,0),0) -> 0 | G51: =IFERROR(VLOOKUP(B51,'Listado Pilotos y Equipos'!$B$3:$M$86,7,0),"") | I51: =IFERROR(VLOOKUP(Mangas_CronoOK!$G51,Clasificaicon_Pilotos!$B$7:$M$91,13,0),0) -> 0 | J51: =IFERROR(F51+I51,0) -> 0
A52: 21 | D52: =IFERROR(VLOOKUP(B52,'Listado Pilotos y Equipos'!$B$3:$M$86,2,0),"") | F52: =IFERROR(VLOOKUP(Mangas_CronoOK!$D52,Clasificaicon_Pilotos!$B$7:$M$91,13,0),0) -> 0 | G52: =IFERROR(VLOOKUP(B52,'Listado Pilotos y Equipos'!$B$3:$M$86,7,0),"") | I52: =IFERROR(VLOOKUP(Mangas_CronoOK!$G52,Clasificaicon_Pilotos!$B$7:$M$91,13,0),0) -> 0 | J52: =IFERROR(F52+I52,0) -> 0
A53: 22 | D53: =IFERROR(VLOOKUP(B53,'Listado Pilotos y Equipos'!$B$3:$M$86,2,0),"") | F53: =IFERROR(VLOOKUP(Mangas_CronoOK!$D53,Clasificaicon_Pilotos!$B$7:$M$91,13,0),0) -> 0 | G53: =IFERROR(VLOOKUP(B53,'Listado Pilotos y Equipos'!$B$3:$M$86,7,0),"") | I53: =IFERROR(VLOOKUP(Mangas_CronoOK!$G53,Clasificaicon_Pilotos!$B$7:$M$91,13,0),0) -> 0 | J53: =IFERROR(F53+I53,0) -> 0
A54: 23 | D54: =IFERROR(VLOOKUP(B54,'Listado Pilotos y Equipos'!$B$3:$M$86,2,0),"") | F54: =IFERROR(VLOOKUP(Mangas_CronoOK!$D54,Clasificaicon_Pilotos!$B$7:$M$91,13,0),0) -> 0 | G54: =IFERROR(VLOOKUP(B54,'Listado Pilotos y Equipos'!$B$3:$M$86,7,0),"") | I54: =IFERROR(VLOOKUP(Mangas_CronoOK!$G54,Clasificaicon_Pilotos!$B$7:$M$91,13,0),0) -> 0 | J54: =IFERROR(F54+I54,0) -> 0
... A57: 26 | D57: =IFERROR(VLOOKUP(B57,'Listado Pilotos y Equipos'!$B$3:$M$86,2,0),"") | F57: =IFERROR(VLOOKUP(Mangas_CronoOK!$D57,Clasificaicon_Pilotos!$B$7:$M$91,13,0),0) -> 0 | G57: =IFERROR(VLOOKUP(B57,'Listado Pilotos y Equipos'!$B$3:$M$86,7,0),"") | I57: =IFERROR(VLOOKUP(Mangas_CronoOK!$G57,Clasificaicon_Pilotos!$B$7:$M$91,13,0),0) -> 0 | J57: =IFERROR(F57+I57,0) -> 0
A60: MANGA SABADO
A62: # | B62: EQUIPO | C62: CARRIL SALIDA | D62: PILOTO1 | E62: CARRILES | F62: PTOS. | G62: PILOTO2 | H62: CARRILES2 | I62: PTOS.3 | J62: TOTAL
A63: 1 | D63: =IFERROR(VLOOKUP(B63,'Listado Pilotos y Equipos'!$B$3:$M$86,2,0),"") | F63: =IFERROR(VLOOKUP(Mangas_CronoOK!$D63,Clasificaicon_Pilotos!$B$7:$M$91,13,0),0) -> 0 | G63: =IFERROR(VLOOKUP(B63,'Listado Pilotos y Equipos'!$B$3:$M$86,7,0),"") | I63: =IFERROR(VLOOKUP(Mangas_CronoOK!$G63,Clasificaicon_Pilotos!$B$7:$M$91,13,0),0) -> 0 | J63: =IFERROR(F63+I63,0) -> 0
A64: 2 | D64: =IFERROR(VLOOKUP(B64,'Listado Pilotos y Equipos'!$B$3:$M$86,2,0),"") | F64: =IFERROR(VLOOKUP(Mangas_CronoOK!$D64,Clasificaicon_Pilotos!$B$7:$M$91,13,0),0) -> 0 | G64: =IFERROR(VLOOKUP(B64,'Listado Pilotos y Equipos'!$B$3:$M$86,7,0),"") | I64: =IFERROR(VLOOKUP(Mangas_CronoOK!$G64,Clasificaicon_Pilotos!$B$7:$M$91,13,0),0) -> 0 | J64: =IFERROR(F64+I64,0) -> 0
A65: 3 | D65: =IFERROR(VLOOKUP(B65,'Listado Pilotos y Equipos'!$B$3:$M$86,2,0),"") | F65: =IFERROR(VLOOKUP(Mangas_CronoOK!$D65,Clasificaicon_Pilotos!$B$7:$M$91,13,0),0) -> 0 | G65: =IFERROR(VLOOKUP(B65,'Listado Pilotos y Equipos'!$B$3:$M$86,7,0),"") | I65: =IFERROR(VLOOKUP(Mangas_CronoOK!$G65,Clasificaicon_Pilotos!$B$7:$M$91,13,0),0) -> 0 | J65: =IFERROR(F65+I65,0) -> 0
A66: 4 | D66: =IFERROR(VLOOKUP(B66,'Listado Pilotos y Equipos'!$B$3:$M$86,2,0),"") | F66: =IFERROR(VLOOKUP(Mangas_CronoOK!$D66,Clasificaicon_Pilotos!$B$7:$M$91,13,0),0) -> 0 | G66: =IFERROR(VLOOKUP(B66,'Listado Pilotos y Equipos'!$B$3:$M$86,7,0),"") | I66: =IFERROR(VLOOKUP(Mangas_CronoOK!$G66,Clasificaicon_Pilotos!$B$7:$M$91,13,0),0) -> 0 | J66: =IFERROR(F66+I66,0) -> 0
A67: 5 | D67: =IFERROR(VLOOKUP(B67,'Listado Pilotos y Equipos'!$B$3:$M$86,2,0),"") | F67: =IFERROR(VLOOKUP(Mangas_CronoOK!$D67,Clasificaicon_Pilotos!$B$7:$M$91,13,0),0) -> 0 | G67: =IFERROR(VLOOKUP(B67,'Listado Pilotos y Equipos'!$B$3:$M$86,7,0),"") | I67: =IFERROR(VLOOKUP(Mangas_CronoOK!$G67,Clasificaicon_Pilotos!$B$7:$M$91,13,0),0) -> 0 | J67: =IFERROR(F67+I67,0) -> 0
A68: 6 | D68: =IFERROR(VLOOKUP(B68,'Listado Pilotos y Equipos'!$B$3:$M$86,2,0),"") | F68: =IFERROR(VLOOKUP(Mangas_CronoOK!$D68,Clasificaicon_Pilotos!$B$7:$M$91,13,0),0) -> 0 | G68: =IFERROR(VLOOKUP(B68,'Listado Pilotos y Equipos'!$B$3:$M$86,7,0),"") | I68: =IFERROR(VLOOKUP(Mangas_CronoOK!$G68,Clasificaicon_Pilotos!$B$7:$M$91,13,0),0) -> 0 | J68: =IFERROR(F68+I68,0) -> 0
A69: 7 | D69: =IFERROR(VLOOKUP(B69,'Listado Pilotos y Equipos'!$B$3:$M$86,2,0),"") | F69: =IFERROR(VLOOKUP(Mangas_CronoOK!$D69,Clasificaicon_Pilotos!$B$7:$M$91,13,0),0) -> 0 | G69: =IFERROR(VLOOKUP(B69,'Listado Pilotos y Equipos'!$B$3:$M$86,7,0),"") | I69: =IFERROR(VLOOKUP(Mangas_CronoOK!$G69,Clasificaicon_Pilotos!$B$7:$M$91,13,0),0) -> 0 | J69: =IFERROR(F69+I69,0) -> 0
A70: 8 | D70: =IFERROR(VLOOKUP(B70,'Listado Pilotos y Equipos'!$B$3:$M$86,2,0),"") | F70: =IFERROR(VLOOKUP(Mangas_CronoOK!$D70,Clasificaicon_Pilotos!$B$7:$M$91,13,0),0) -> 0 | G70: =IFERROR(VLOOKUP(B70,'Listado Pilotos y Equipos'!$B$3:$M$86,7,0),"") | I70: =IFERROR(VLOOKUP(Mangas_CronoOK!$G70,Clasificaicon_Pilotos!$B$7:$M$91,13,0),0) -> 0 | J70: =IFERROR(F70+I70,0) -> 0
A71: 9 | D71: =IFERROR(VLOOKUP(B71,'Listado Pilotos y Equipos'!$B$3:$M$86,2,0),"") | F71: =IFERROR(VLOOKUP(Mangas_CronoOK!$D71,Clasificaicon_Pilotos!$B$7:$M$91,13,0),0) -> 0 | G71: =IFERROR(VLOOKUP(B71,'Listado Pilotos y Equipos'!$B$3:$M$86,7,0),"") | I71: =IFERROR(VLOOKUP(Mangas_CronoOK!$G71,Clasificaicon_Pilotos!$B$7:$M$91,13,0),0) -> 0 | J71: =IFERROR(F71+I71,0) -> 0
A72: 10 | D72: =IFERROR(VLOOKUP(B72,'Listado Pilotos y Equipos'!$B$3:$M$86,2,0),"") | F72: =IFERROR(VLOOKUP(Mangas_CronoOK!$D72,Clasificaicon_Pilotos!$B$7:$M$91,13,0),0) -> 0 | G72: =IFERROR(VLOOKUP(B72,'Listado Pilotos y Equipos'!$B$3:$M$86,7,0),"") | I72: =IFERROR(VLOOKUP(Mangas_CronoOK!$G72,Clasificaicon_Pilotos!$B$7:$M$91,13,0),0) -> 0 | J72: =IFERROR(F72+I72,0) -> 0
A73: 11 | D73: =IFERROR(VLOOKUP(B73,'Listado Pilotos y Equipos'!$B$3:$M$86,2,0),"") | F73: =IFERROR(VLOOKUP(Mangas_CronoOK!$D73,Clasificaicon_Pilotos!$B$7:$M$91,13,0),0) -> 0 | G73: =IFERROR(VLOOKUP(B73,'Listado Pilotos y Equipos'!$B$3:$M$86,7,0),"") | I73: =IFERROR(VLOOKUP(Mangas_CronoOK!$G73,Clasificaicon_Pilotos!$B$7:$M$91,13,0),0) -> 0 | J73: =IFERROR(F73+I73,0) -> 0
A74: 12 | D74: =IFERROR(VLOOKUP(B74,'Listado Pilotos y Equipos'!$B$3:$M$86,2,0),"") | F74: =IFERROR(VLOOKUP(Mangas_CronoOK!$D74,Clasificaicon_Pilotos!$B$7:$M$91,13,0),0) -> 0 | G74: =IFERROR(VLOOKUP(B74,'Listado Pilotos y Equipos'!$B$3:$M$86,7,0),"") | I74: =IFERROR(VLOOKUP(Mangas_CronoOK!$G74,Clasificaicon_Pilotos!$B$7:$M$91,13,0),0) -> 0 | J74: =IFERROR(F74+I74,0) -> 0
... A80: 18 | D80: =IFERROR(VLOOKUP(B80,'Listado Pilotos y Equipos'!$B$3:$M$86,2,0),"") | F80: =IFERROR(VLOOKUP(Mangas_CronoOK!$D80,Clasificaicon_Pilotos!$B$7:$M$91,13,0),0) -> 0 | G80: =IFERROR(VLOOKUP(B80,'Listado Pilotos y Equipos'!$B$3:$M$86,7,0),"") | I80: =IFERROR(VLOOKUP(Mangas_CronoOK!$G80,Clasificaicon_Pilotos!$B$7:$M$91,13,0),0) -> 0 | J80: =IFERROR(F80+I80,0) -> 0

Sheet Mangas_Crono_Web
A2: RESISBARNA 2020 - 4A. CARRERA
A3: CRONO 17-19 SEPTIEMBRE
A6: COMPOSICION MANGAS
A7: ACTUALIZADAS 14/9/2020
A10: VERIFICACIÓN Y WARM UP CON MULETO DE 20:00 a 20:30
A11: MANGA JUEVES 20:40 Horas
A13: # | B13: EQUIPO | C13: PILOTO | D13: PTOS. | E13: PILOTO | F13: PTOS. | G13: TOTAL
A14: 1 | B14: SLOTSAB JUNIOR | C14: Sergi Martinez | D14: 79 | E14: Victor Leon | F14: 79 | G14: 158
A15: 2 | B15: TOAD SCM | C15: Jordi Cantos | D15: 56 | E15: Raul Ramírez | F15: 72 | G15: 128
A16: 3 | B16: SLOTSAB JOOS | C16: Oscar Sanchez | D16: 56 | E16: Jose Maria Martinez | F16: 56 | G16: 112
A17: 4 | B17: SLOTMANIA CAR | C17: Eduard Gil | D17: 69 | E17: Adolfo Chico | F17: 37 | G17: 106
A18: 5 | B18: CRONO3 | C18: Rafael Muñoz | D18: 39 | E18: Victor Lopez | F18: 39 | G18: 78
A19: 6 | B19: NOUTEAM SLOT_ | C19: Jordi Muñoz | D19: 47 | E19: David Vendrell | F19: 0 | G19: 47
A20: 7 | B20: MILLUI | C20: Lluis aldea | D20: 45 | E20: Miki Teres | F20: 0 | G20: 45
A23: VERIFICACIÓN Y WARM UP CON MULETO DE 22:40 a 23:10
A24: MANGA JUEVES 23:20 Horas
A26: # | B26: EQUIPO | C26: PILOTO | D26: PTOS. | E26: PILOTO | F26: PTOS. | G26: TOTAL
A27: 1 | B27: DZERO SOT | C27: Israel Nevado | D27: 106 | E27: Victor Gonzalez | F27: 106 | G27: 212
A28: 2 | B28: EL SOT CALAVERAS | C28: Jorge Valdivieso | D28: 104 | E28: Alberto Bolsa | F28: 104 | G28: 208
A29: 3 | B29: GASCLAVAT FEELGOOD | C29: Xavi Bellot | D29: 102 | E29: Cristian Diaz | F29: 102 | G29: 204
A30: 4 | B30: TRELEC | C30: Albert Figuerola | D30: 95 | E30: Cesc Figueras | F30: 95 | G30: 190
A31: 5 | B31: SLOTFOURMANIA | C31: Jaume Llobet | D31: 85 | E31: Oscar Vila | F31: 85 | G31: 170
A32: 6 | B32: ESTEL·LATS | C32: Enric Illa | D32: 82 | E32: Jordi Simo | F32: 82 | G32: 164
A35: VERIFICACIÓN Y WARM UP CON MULETO DE 20:00 a 20:30
A36: MANGA VIERNES 20:40 Horas
A38: # | B38: EQUIPO | C38: PILOTO | D38: PTOS. | E38: PILOTO | F38: PTOS. | G38: TOTAL
A39: 1 | B39: SLOTFORYOU | C39: Joel Mendizabal | D39: 137 | E39: Vicens Febrero | F39: 137 | G39: 274
A40: 2 | B40: OSOTNA | C40: Manel Soriano | D40: 96 | E40: David Mercader | F40: 96 | G40: 192
A41: 3 | B41: SLOT4YOU CUIDADIN | C41: Sergi Saladrigas | D41: 80 | E41: Marc Casanovas | F41: 80 | G41: 160
A42: 4 | B42: CRONO1 | C42: Javier Muñoz | D42: 40 | E42: Miguel Angel Garcia | F42: 40 | G42: 80
A43: 5 | B43: CRONO2 | C43: Marius Magro | D43: 24 | E43: Raul Cabello | F43: 24 | G43: 48
A44: 6
A47: VERIFICACIÓN Y WARM UP CON MULETO DE 22:40 a 23:10
A48: MANGA VIERNES 23:20 Horas
A50: # | B50: EQUIPO | C50: PILOTO | D50: PTOS. | E50: PILOTO | F50: PTOS. | G50: TOTAL
A51: 1 | B51: SLOTMANIA | C51: Besay Porta | D51: 204 | E51: Ignasi Baldominos | F51: 204 | G51: 408
A52: 2 | B52: HOT SLOT FOR YOU | C52: Xavi Cortada | D52: 169 | E52: Adam Parera | F52: 169 | G52: 338
A53: 3 | B53: EL SOT TEAM | C53: JM Sererols | D53: 154 | E53: Eduard Cerda | F53: 154 | G53: 308
A54: 4 | B54: EL SOT FU | C54: Alex Robles | D54: 149 | E54: Jordi Robles | F54: 149 | G54: 298
A55: 5 | B55: EL SOT HORTA | C55: Miquel Bonavida | D55: 146 | E55: Lorenzo Rodriguez | F55: 146 | G55: 292
A56: 6 | B56: STP RACING | C56: Richard Arredondo | D56: 139 | E56: Gabriel Rodriguez | F56: 139 | G56: 278
A60: VERIFICACIÓN Y WARM UP CON MULETO DE 10:00 a 10:30
A61: MANGA SÁBADO 10:40 Horas
A63: # | B63: EQUIPO | C63: PILOTO | D63: PTOS. | E63: PILOTO | F63: PTOS. | G63: TOTAL
A64: 1
A65: 2
A66: 3
A67: 4
A68: 5
A69: 6

Sheet Verificaciones_CRONO_ok
A7: DATOS COCHES PARTICIPANTES
A10: # | B10: EQUIPO | C10: COPA | D10: COCHE | E10: MOTOR | F10: PESO C. | G10: PESO MIN. | H10: PIÑÓN | I10: CORONA | J10: REL | K10: LLANTAS D | L10: DIAMETRO LL.D. | M10: LLANTAS T | N10: DIAMETRO LL.T. | O10: TRENC. | P10: SUSP. | Q10: BANCADA | R10: CHASIS | S10: NEUMATICOS | T10: PESO FINAL CARRERA | U10: OBS. VERIFICACIÓN | W10: PAGO
A11: 1 | B11: DZERO SOT | C11: =IFERROR(VLOOKUP(Verificaciones_CRONO_ok!B11,'Listado Pilotos y Equipos'!$B$3:$P$86,12,0),"") -> SCALEAUTO_CUP | D11: CORVETTE | E11: 29 | F11: 17.09 | G11: =IF(D11="",0,IF(C11=Tabla_de_Datos_COPA_PALMARES!$B$3,VLOOKUP(D11,Tabla_de_Datos_COCHES!$B$4:$G$18,4,0),IF(C11=Tabla_de_Datos_COPA_PALMARES!$B$4,VLOOKUP(D11,Tabla_de_Datos_COCHES!$B$28:$G$42,4,0),IF(C11=Tabla_de_Datos_COPA_PALMARES!$B$5,VLOOKUP(D11,Tabla_de_Datos_COCHES!$B$19:$G$27,4,0))))) -> #N/A | H11: SIT | I11: SIT | J11: 12_28 | K11: SIT | L11: 16,5 x 8 PL | M11: SCA | N11: 16,5 x 10 PL | O11: MB | P11: 0-0-i | Q11: SCA1 | R11: SCA | T11: 80,42 - 80,52 | W11: 0
A12: 2 | B12: EL SOT CALAVERAS | C12: =IFERROR(VLOOKUP(Verificaciones_CRONO_ok!B12,'Listado Pilotos y Equipos'!$B$3:$P$86,12,0),"") -> GT2 | D12: PORSCHE 991 | E12: 56 | F12: 17.04 | G12: =IF(D12="",0,IF(C12=Tabla_de_Datos_COPA_PALMARES!$B$3,VLOOKUP(D12,Tabla_de_Datos_COCHES!$B$4:$G$18,4,0),IF(C12=Tabla_de_Datos_COPA_PALMARES!$B$4,VLOOKUP(D12,Tabla_de_Datos_COCHES!$B$28:$G$42,4,0),IF(C12=Tabla_de_Datos_COPA_PALMARES!$B$5,VLOOKUP(D12,Tabla_de_Datos_COCHES!$B$19:$G$27,4,0))))) -> 17 | H12: MB | I12: SIT | J12: 12_30 | K12: SIT | L12: 15,8 x 8 PL | M12: SIT | N12: 16,9 x 10 AL | O12: MB | P12: 0-0-M | Q12: SIT05 | R12: SCA | T12: 77,27 - 77,47 | W12: 20 | X12: 6
A13: 3 | B13: GASCLAVAT FEELGOOD | C13: =IFERROR(VLOOKUP(Verificaciones_CRONO_ok!B13,'Listado Pilotos y Equipos'!$B$3:$P$86,12,0),"") -> GT2 | D13: VIPER | E13: 59 | F13: 17.79 | G13: =IF(D13="",0,IF(C13=Tabla_de_Datos_COPA_PALMARES!$B$3,VLOOKUP(D13,Tabla_de_Datos_COCHES!$B$4:$G$18,4,0),IF(C13=Tabla_de_Datos_COPA_PALMARES!$B$4,VLOOKUP(D13,Tabla_de_Datos_COCHES!$B$28:$G$42,4,0),IF(C13=Tabla_de_Datos_COPA_PALMARES!$B$5,VLOOKUP(D13,Tabla_de_Datos_COCHES!$B$19:$G$27,4,0))))) -> 17 | H13: SIT | I13: SIT | J13: 12_30 | K13: 3D | L13: 15,8 x 8 PL | M13: SLP | N13: 16,9 x 10 AL | O13: SLP | P13: 0-M-I | Q13: SIT1 | R13: SCA | T13: 79,56 - 79,64 | W13: 20 | X13: 6
A14: 4 | B14: TRELEC | C14: =IFERROR(VLOOKUP(Verificaciones_CRONO_ok!B14,'Listado Pilotos y Equipos'!$B$3:$P$86,12,0),"") -> GT2 | D14: SPYKER | E14: 34 | F14: 15.01 | G14: =IF(D14="",0,IF(C14=Tabla_de_Datos_COPA_PALMARES!$B$3,VLOOKUP(D14,Tabla_de_Datos_COCHES!$B$4:$G$18,4,0),IF(C14=Tabla_de_Datos_COPA_PALMARES!$B$4,VLOOKUP(D14,Tabla_de_Datos_COCHES!$B$28:$G$42,4,0),IF(C14=Tabla_de_Datos_COPA_PALMARES!$B$5,VLOOKUP(D14,Tabla_de_Datos_COCHES!$B$19:$G$27,4,0))))) -> 17 | H14: SLP | I14: SIT | J14: 12_30 | K14: PKS | L14: 15,8 x 8 PL | M14: SLP | N14: 17,2 x 10 AL | O14: MB | P14: I-0-I | Q14: SCA1 | R14: SCA | T14: 79,55 - 79,61 | W14: 20 | X14: 6
A15: 5 | B15: SLOTFOURMANIA | C15: =IFERROR(VLOOKUP(Verificaciones_CRONO_ok!B15,'Listado Pilotos y Equipos'!$B$3:$P$86,12,0),"") -> GT2 | D15: SPYKER | E15: 3 | F15: 15.09 | G15: =IF(D15="",0,IF(C15=Tabla_de_Datos_COPA_PALMARES!$B$3,VLOOKUP(D15,Tabla_de_Datos_COCHES!$B$4:$G$18,4,0),IF(C15=Tabla_de_Datos_COPA_PALMARES!$B$4,VLOOKUP(D15,Tabla_de_Datos_COCHES!$B$28:$G$42,4,0),IF(C15=Tabla_de_Datos_COPA_PALMARES!$B$5,VLOOKUP(D15,Tabla_de_Datos_COCHES!$B$19:$G$27,4,0))))) -> 17 | H15: SIT | I15: SIT | J15: 12_30 | K15: SLP | L15: 15,8 x 8 AL | M15: SLP | N15: 16,9 x 8 PL | O15: MB | P15: 0-0-M | Q15: SCA1 | R15: SCA | T15: 76,81 - 76,85 | W15: 20 | X15: 6
A16: 6 | B16: ESTEL·LATS | C16: =IFERROR(VLOOKUP(Verificaciones_CRONO_ok!B16,'Listado Pilotos y Equipos'!$B$3:$P$86,12,0),"") -> RESISBARNA | D16: MERCEDES | E16: 55 | F16: 18.25 | G16: =IF(D16="",0,IF(C16=Tabla_de_Datos_COPA_PALMARES!$B$3,VLOOKUP(D16,Tabla_de_Datos_COCHES!$B$4:$G$18,4,0),IF(C16=Tabla_de_Datos_COPA_PALMARES!$B$4,VLOOKUP(D16,Tabla_de_Datos_COCHES!$B$28:$G$42,4,0),IF(C16=Tabla_de_Datos_COPA_PALMARES!$B$5,VLOOKUP(D16,Tabla_de_Datos_COCHES!$B$19:$G$27,4,0))))) -> 17 | H16: SLP | I16: SID | J16: 12_28 | K16: PKS | L16: 15,8 x 8 PL | M16: SLP | N16: 16,5 x 10 AL | O16: SCA | P16: 0-0-M | Q16: SCA1 | R16: SCA | T16: 80,63 - 80,64 | W16: 20 | X16: 6
A17: 7 | B17: SLOTSAB JUNIOR | C17: =IFERROR(VLOOKUP(Verificaciones_CRONO_ok!B17,'Listado Pilotos y Equipos'!$B$3:$P$86,12,0),"") -> SCALEAUTO_CUP | D17: VIPER | E17: 47 | F17: 17.32 | G17: =IF(D17="",0,IF(C17=Tabla_de_Datos_COPA_PALMARES!$B$3,VLOOKUP(D17,Tabla_de_Datos_COCHES!$B$4:$G$18,4,0),IF(C17=Tabla_de_Datos_COPA_PALMARES!$B$4,VLOOKUP(D17,Tabla_de_Datos_COCHES!$B$28:$G$42,4,0),IF(C17=Tabla_de_Datos_COPA_PALMARES!$B$5,VLOOKUP(D17,Tabla_de_Datos_COCHES!$B$19:$G$27,4,0))))) -> #N/A | H17: SIT | I17: SCA | J17: 12_28 | K17: PKS | L17: 15,8 x 8 AL | M17: SCA | N17: 16,9 x 8 AL | O17: MB | P17: 0-0-I | Q17: SCA1 | R17: SCA | T17: 78,82 - 78,80 | W17: 20 | X17: 6
A18: 8 | B18: TOAD SCM | C18: =IFERROR(VLOOKUP(Verificaciones_CRONO_ok!B18,'Listado Pilotos y Equipos'!$B$3:$P$86,12,0),"") -> GT2 | D18: BMW | E18: 9 | F18: 17.17 | G18: =IF(D18="",0,IF(C18=Tabla_de_Datos_COPA_PALMARES!$B$3,VLOOKUP(D18,Tabla_de_Datos_COCHES!$B$4:$G$18,4,0),IF(C18=Tabla_de_Datos_COPA_PALMARES!$B$4,VLOOKUP(D18,Tabla_de_Datos_COCHES!$B$28:$G$42,4,0),IF(C18=Tabla_de_Datos_COPA_PALMARES!$B$5,VLOOKUP(D18,Tabla_de_Datos_COCHES!$B$19:$G$27,4,0))))) -> 17 | H18: SIT | I18: SIT | J18: 12_30 | K18: SIT | L18: 15,8 x 8 PL | M18: SCA | N18: 16,5 x 10 AL | O18: MB | P18: 0-0-M | Q18: SCA1 | R18: SCA | T18: 78,94 - 78,99 | W18: 20 | X18: 6
A19: 9 | B19: SLOTSAB JOOS | C19: =IFERROR(VLOOKUP(Verificaciones_CRONO_ok!B19,'Listado Pilotos y Equipos'!$B$3:$P$86,12,0),"") -> SCALEAUTO_CUP | D19: SPYKER | E19: 20 | F19: 17.1 | G19: =IF(D19="",0,IF(C19=Tabla_de_Datos_COPA_PALMARES!$B$3,VLOOKUP(D19,Tabla_de_Datos_COCHES!$B$4:$G$18,4,0),IF(C19=Tabla_de_Datos_COPA_PALMARES!$B$4,VLOOKUP(D19,Tabla_de_Datos_COCHES!$B$28:$G$42,4,0),IF(C19=Tabla_de_Datos_COPA_PALMARES!$B$5,VLOOKUP(D19,Tabla_de_Datos_COCHES!$B$19:$G$27,4,0))))) -> 15 | H19: SIT | I19: SCA | J19: 12_28 | K19: SCA | L19: 15,8 x 8 PL | M19: SCA | N19: 15,8 x 8 AL | O19: MB | P19: 0-0-M | Q19: SCA1 | R19: SCA | T19: 78,74 - 78,78 | W19: 20 | X19: 6
A20: 10 | B20: SLOTMANIA CAR | C20: =IFERROR(VLOOKUP(Verificaciones_CRONO_ok!B20,'Listado Pilotos y Equipos'!$B$3:$P$86,12,0),"") -> RESISBARNA | D20: MERCEDES | E20: 32 | F20: 18.78 | G20: =IF(D20="",0,IF(C20=Tabla_de_Datos_COPA_PALMARES!$B$3,VLOOKUP(D20,Tabla_de_Datos_COCHES!$B$4:$G$18,4,0),IF(C20=Tabla_de_Datos_COPA_PALMARES!$B$4,VLOOKUP(D20,Tabla_de_Datos_COCHES!$B$28:$G$42,4,0),IF(C20=Tabla_de_Datos_COPA_PALMARES!$B$5,VLOOKUP(D20,Tabla_de_Datos_COCHES!$B$19:$G$27,4,0))))) -> 17 | H20: SIT | I20: SIT | J20: 12_30 | K20: PKS | L20: 15,8 x 8 PL | M20: SLP | N20: 16,5 x 10 AL | O20: MB | P20: 0-M-M | Q20: SIT1 | R20: SID | T20: 78,48 - 78,53 | U20: ES UN M6 | W20: 20 | X20: 6
A21: 11 | B21: CRONO3 | C21: =IFERROR(VLOOKUP(Verificaciones_CRONO_ok!B21,'Listado Pilotos y Equipos'!$B$3:$P$86,12,0),"") -> GT2 | G21: =IF(D21="",0,IF(C21=Tabla_de_Datos_COPA_PALMARES!$B$3,VLOOKUP(D21,Tabla_de_Datos_COCHES!$B$4:$G$18,4,0),IF(C21=Tabla_de_Datos_COPA_PALMARES!$B$4,VLOOKUP(D21,Tabla_de_Datos_COCHES!$B$28:$G$42,4,0),IF(C21=Tabla_de_Datos_COPA_PALMARES!$B$5,VLOOKUP(D21,Tabla_de_Datos_COCHES!$B$19:$G$27,4,0))))) -> 0 | M21: SLP | N21: 16,9 x 10 AL | O21: MB | P21: 0-M-M | Q21: SIT1 | R21: SID
A22: 12 | B22: NOUTEAM SLOT_ | C22: =IFERROR(VLOOKUP(Verificaciones_CRONO_ok!B22,'Listado Pilotos y Equipos'!$B$3:$P$86,12,0),"") -> GT2 | D22: BLACKBULL | E22: 46 | F22: 16.04 | G22: =IF(D22="",0,IF(C22=Tabla_de_Datos_COPA_PALMARES!$B$3,VLOOKUP(D22,Tabla_de_Datos_COCHES!$B$4:$G$18,4,0),IF(C22=Tabla_de_Datos_COPA_PALMARES!$B$4,VLOOKUP(D22,Tabla_de_Datos_COCHES!$B$28:$G$42,4,0),IF(C22=Tabla_de_Datos_COPA_PALMARES!$B$5,VLOOKUP(D22,Tabla_de_Datos_COCHES!$B$19:$G$27,4,0))))) -> #N/A | H22: SLP | I22: SIT | J22: 12_30 | K22: SLP | L22: 15,8 x 8 AL | M22: SIT | N22: 15,8 x 10 AL | O22: MB | P22: M-M-M | Q22: BLA05 | R22: BLA | T22: 77,96 - 77,91 | W22: 20 | X22: 6
A23: 13 | B23: MILLUI | C23: =IFERROR(VLOOKUP(Verificaciones_CRONO_ok!B23,'Listado Pilotos y Equipos'!$B$3:$P$86,12,0),"") -> GT2 | D23: SPYKER | E23: 37 | F23: 16.54 | G23: =IF(D23="",0,IF(C23=Tabla_de_Datos_COPA_PALMARES!$B$3,VLOOKUP(D23,Tabla_de_Datos_COCHES!$B$4:$G$18,4,0),IF(C23=Tabla_de_Datos_COPA_PALMARES!$B$4,VLOOKUP(D23,Tabla_de_Datos_COCHES!$B$28:$G$42,4,0),IF(C23=Tabla_de_Datos_COPA_PALMARES!$B$5,VLOOKUP(D23,Tabla_de_Datos_COCHES!$B$19:$G$27,4,0))))) -> 17 | H23: SLP | I23: SIT | J23: 12_30 | K23: SLP | L23: 15,8 x 8 AL | M23: SLP | N23: 17,2 x 8 AL | O23: MB | P23: 0-0-M | Q23: SCA1 | R23: SCA | T23: 79,22 - 78,74 | W23: 20 | X23: 6
A24: 14 | B24: SLOTMANIA | C24: =IFERROR(VLOOKUP(Verificaciones_CRONO_ok!B24,'Listado Pilotos y Equipos'!$B$3:$P$86,12,0),"") -> RESISBARNA | D24: VIPER | E24: 58 | F24: 17 | G24: =IF(D24="",0,IF(C24=Tabla_de_Datos_COPA_PALMARES!$B$3,VLOOKUP(D24,Tabla_de_Datos_COCHES!$B$4:$G$18,4,0),IF(C24=Tabla_de_Datos_COPA_PALMARES!$B$4,VLOOKUP(D24,Tabla_de_Datos_COCHES!$B$28:$G$42,4,0),IF(C24=Tabla_de_Datos_COPA_PALMARES!$B$5,VLOOKUP(D24,Tabla_de_Datos_COCHES!$B$19:$G$27,4,0))))) -> 17 | H24: SIT | I24: SIT | J24: 12_28 | K24: SLP | L24: 15,8 x 8 PL | M24: SLP | N24: 16,9 x 10 AL | O24: MB | P24: 0-0-I | Q24: SCA1 | R24: SCA | T24: 79,06 - 79,02 | W24: 20 | X24: 6
A25: 15 | B25: HOT SLOT FOR YOU | C25: =IFERROR(VLOOKUP(Verificaciones_CRONO_ok!B25,'Listado Pilotos y Equipos'!$B$3:$P$86,12,0),"") -> RESISBARNA | D25: MERCEDES | E25: 54 | F25: 18.55 | G25: =IF(D25="",0,IF(C25=Tabla_de_Datos_COPA_PALMARES!$B$3,VLOOKUP(D25,Tabla_de_Datos_COCHES!$B$4:$G$18,4,0),IF(C25=Tabla_de_Datos_COPA_PALMARES!$B$4,VLOOKUP(D25,Tabla_de_Datos_COCHES!$B$28:$G$42,4,0),IF(C25=Tabla_de_Datos_COPA_PALMARES!$B$5,VLOOKUP(D25,Tabla_de_Datos_COCHES!$B$19:$G$27,4,0))))) -> 17 | H25: SIT | I25: SID | J25: 12_28 | K25: SIT | L25: 15,8 x 8 PL | M25: SLP | N25: 16,5 x 10 AL | O25: SCA | P25: 0-0-I | Q25: SCA1 | R25: SCA | T25: 84,07 -84,14 | W25: 20 | X25: 6
A26: 16 | B26: EL SOT TEAM | C26: =IFERROR(VLOOKUP(Verificaciones_CRONO_ok!B26,'Listado Pilotos y Equipos'!$B$3:$P$86,12,0),"") -> SCALEAUTO_CUP | D26: CORVETTE | E26: 52 | F26: 17.08 | G26: =IF(D26="",0,IF(C26=Tabla_de_Datos_COPA_PALMARES!$B$3,VLOOKUP(D26,Tabla_de_Datos_COCHES!$B$4:$G$18,4,0),IF(C26=Tabla_de_Datos_COPA_PALMARES!$B$4,VLOOKUP(D26,Tabla_de_Datos_COCHES!$B$28:$G$42,4,0),IF(C26=Tabla_de_Datos_COPA_PALMARES!$B$5,VLOOKUP(D26,Tabla_de_Datos_COCHES!$B$19:$G$27,4,0))))) -> #N/A | H26: SCA | I26: SCA | J26: 12_28 | K26: SCA | L26: 15,8 x 8 AL | M26: SCA | N26: 16,5 x 8 AL | O26: MB | P26: 0-0-M | Q26: SCA1 | R26: SCA | T26: 79,25- 79,47 | W26: 20 | X26: 6
A27: 17 | B27: EL SOT FU | C27: =IFERROR(VLOOKUP(Verificaciones_CRONO_ok!B27,'Listado Pilotos y Equipos'!$B$3:$P$86,12,0),"") -> RESISBARNA | D27: VIPER | E27: 15 | F27: 17 | G27: =IF(D27="",0,IF(C27=Tabla_de_Datos_COPA_PALMARES!$B$3,VLOOKUP(D27,Tabla_de_Datos_COCHES!$B$4:$G$18,4,0),IF(C27=Tabla_de_Datos_COPA_PALMARES!$B$4,VLOOKUP(D27,Tabla_de_Datos_COCHES!$B$28:$G$42,4,0),IF(C27=Tabla_de_Datos_COPA_PALMARES!$B$5,VLOOKUP(D27,Tabla_de_Datos_COCHES!$B$19:$G$27,4,0))))) -> 17 | H27: SIT | I27: SIT | J27: 12_28 | K27: SIT | L27: 15,8 X 8 PL | M27: SIT | N27: 16,5 x 10 AL | O27: SIT | P27: 0-M-I | Q27: SCA1 | R27: SCA | S27: IS25 | T27: 81,87-82 | W27: 10 | X27: 3
A28: 18 | B28: EL SOT HORTA | C28: =IFERROR(VLOOKUP(Verificaciones_CRONO_ok!B28,'Listado Pilotos y Equipos'!$B$3:$P$86,12,0),"") -> RESISBARNA | D28: SPYKER | E28: 23 | F28: 15.08 | G28: =IF(D28="",0,IF(C28=Tabla_de_Datos_COPA_PALMARES!$B$3,VLOOKUP(D28,Tabla_de_Datos_COCHES!$B$4:$G$18,4,0),IF(C28=Tabla_de_Datos_COPA_PALMARES!$B$4,VLOOKUP(D28,Tabla_de_Datos_COCHES!$B$28:$G$42,4,0),IF(C28=Tabla_de_Datos_COPA_PALMARES!$B$5,VLOOKUP(D28,Tabla_de_Datos_COCHES!$B$19:$G$27,4,0))))) -> 15 | H28: SIT | I28: SID | J28: 12_28 | K28: SLP | L28: 15,8 X 8 PL | M28: SLP | N28: 16,5 X 10 AL | O28: MB | P28: 0-0-I | Q28: SIT1 | R28: SCA | S28: IS25 | T28: 73,7 -73,80 | U28: TECHO PEGADO | W28: 20 | X28: 6
A29: 19 | B29: STP RACING | C29: =IFERROR(VLOOKUP(Verificaciones_CRONO_ok!B29,'Listado Pilotos y Equipos'!$B$3:$P$86,12,0),"") -> RESISBARNA | D29: GT3ITALIA | E29: 38 | F29: 15.47 | G29: =IF(D29="",0,IF(C29=Tabla_de_Datos_COPA_PALMARES!$B$3,VLOOKUP(D29,Tabla_de_Datos_COCHES!$B$4:$G$18,4,0),IF(C29=Tabla_de_Datos_COPA_PALMARES!$B$4,VLOOKUP(D29,Tabla_de_Datos_COCHES!$B$28:$G$42,4,0),IF(C29=Tabla_de_Datos_COPA_PALMARES!$B$5,VLOOKUP(D29,Tabla_de_Datos_COCHES!$B$19:$G$27,4,0))))) -> 15 | H29: SIT | I29: SID | J29: 12_28 | K29: SLP | L29: 16,3 x 10 AL | M29: SLP | N29: 16,9 x 8 AL | O29: MB | P29: M-0-M | Q29: SIT1 | R29: I3D | T29: 76,08-76,17 | W29: 20 | X29: 6
A30: 20 | B30: SLOTFORYOU | C30: =IFERROR(VLOOKUP(Verificaciones_CRONO_ok!B30,'Listado Pilotos y Equipos'!$B$3:$P$86,12,0),"") -> RESISBARNA | D30: FORD GT | E30: 43 | F30: 18.07 | H30: SID | I30: SID | J30: 12_28 | K30: SLP | L30: 15,8 x 8 PL | M30: SLP | N30: 16,9 x 10 PL | O30: MB | P30: 0-M-M | Q30: SIT1 | R30: I3D | T30: 76,26-76,23 | W30: 20 | X30: 6
A31: 21 | B31: OSOTNA | C31: =IFERROR(VLOOKUP(Verificaciones_CRONO_ok!B31,'Listado Pilotos y Equipos'!$B$3:$P$86,12,0),"") -> RESISBARNA | D31: HURACAN | E31: 60 | F31: 17.35 | G31: =IF(D31="",0,IF(C31=Tabla_de_Datos_COPA_PALMARES!$B$3,VLOOKUP(D31,Tabla_de_Datos_COCHES!$B$4:$G$18,4,0),IF(C31=Tabla_de_Datos_COPA_PALMARES!$B$4,VLOOKUP(D31,Tabla_de_Datos_COCHES!$B$28:$G$42,4,0),IF(C31=Tabla_de_Datos_COPA_PALMARES!$B$5,VLOOKUP(D31,Tabla_de_Datos_COCHES!$B$19:$G$27,4,0))))) -> 18 | H31: SIT | I31: SIT | J31: 12_28 | K31: PKS | L31: 15,8 x 8 PL | M31: SLP | N31: 16,5 x 10 AL | O31: SLP | P31: 0-M-I | R31: SID | T31: 78,2-78,16 | W31: 10 | X31: 3
A32: 22 | B32: SLOT4YOU CUIDADIN | C32: =IFERROR(VLOOKUP(Verificaciones_CRONO_ok!B32,'Listado Pilotos y Equipos'!$B$3:$P$86,12,0),"") -> SCALEAUTO_CUP | D32: CORVETTE | E32: 20 | F32: 17.04 | G32: =IF(D32="",0,IF(C32=Tabla_de_Datos_COPA_PALMARES!$B$3,VLOOKUP(D32,Tabla_de_Datos_COCHES!$B$4:$G$18,4,0),IF(C32=Tabla_de_Datos_COPA_PALMARES!$B$4,VLOOKUP(D32,Tabla_de_Datos_COCHES!$B$28:$G$42,4,0),IF(C32=Tabla_de_Datos_COPA_PALMARES!$B$5,VLOOKUP(D32,Tabla_de_Datos_COCHES!$B$19:$G$27,4,0))))) -> #N/A | H32: SCA | I32: SCA | J32: 12_28 | K32: SIT | L32: 15,8 x 8 PL | M32: SCA | N32: 16,9 x 10 AL | O32: MB | P32: 0-I-M | Q32: SCA1 | R32: SCA | T32: 80,59-80-53 | W32: 20 | X32: 6
A33: 23 | B33: CRONO1 | C33: =IFERROR(VLOOKUP(Verificaciones_CRONO_ok!B33,'Listado Pilotos y Equipos'!$B$3:$P$86,12,0),"") -> SCALEAUTO_CUP | D33: VIPER | E33: 17 | F33: 17 | G33: =IF(D33="",0,IF(C33=Tabla_de_Datos_COPA_PALMARES!$B$3,VLOOKUP(D33,Tabla_de_Datos_COCHES!$B$4:$G$18,4,0),IF(C33=Tabla_de_Datos_COPA_PALMARES!$B$4,VLOOKUP(D33,Tabla_de_Datos_COCHES!$B$28:$G$42,4,0),IF(C33=Tabla_de_Datos_COPA_PALMARES!$B$5,VLOOKUP(D33,Tabla_de_Datos_COCHES!$B$19:$G$27,4,0))))) -> #N/A | H33: SIT | I33: SCA | J33: 12_28 | K33: SCA | L33: 15,8 x 8 AL | M33: SLP | N33: 17,5 x 8 AL | O33: MB | P33: 0-0-M | Q33: SCA1 | R33: SCA | T33: 80,37-80,28 | W33: 6 | X33: 6
A34: 24 | B34: CRONO3 | C34: =IFERROR(VLOOKUP(Verificaciones_CRONO_ok!B34,'Listado Pilotos y Equipos'!$B$3:$P$86,12,0),"") -> GT2 | D34: SALEEN | E34: 6 | F34: 15.3 | G34: =IF(D34="",0,IF(C34=Tabla_de_Datos_COPA_PALMARES!$B$3,VLOOKUP(D34,Tabla_de_Datos_COCHES!$B$4:$G$18,4,0),IF(C34=Tabla_de_Datos_COPA_PALMARES!$B$4,VLOOKUP(D34,Tabla_de_Datos_COCHES!$B$28:$G$42,4,0),IF(C34=Tabla_de_Datos_COPA_PALMARES!$B$5,VLOOKUP(D34,Tabla_de_Datos_COCHES!$B$19:$G$27,4,0))))) -> 15 | H34: SLP | I34: SIT | J34: 12_30 | K34: SCA | L34: 15,8 x 8 AL | M34: SLP | N34: 17,2 x 10 AL | O34: MB | P34: 0-0-M | Q34: SIT05 | R34: 3D | T34: 79,39-79,38 | W34: 6 | X34: 6
A35: 25 | C35: =IFERROR(VLOOKUP(Verificaciones_CRONO_ok!B35,'Listado Pilotos y Equipos'!$B$3:$P$86,12,0),"") | G35: =IF(D35="",0,IF(C35=Tabla_de_Datos_COPA_PALMARES!$B$3,VLOOKUP(D35,Tabla_de_Datos_COCHES!$B$4:$G$18,4,0),IF(C35=Tabla_de_Datos_COPA_PALMARES!$B$4,VLOOKUP(D35,Tabla_de_Datos_COCHES!$B$28:$G$42,4,0),IF(C35=Tabla_de_Datos_COPA_PALMARES!$B$5,VLOOKUP(D35,Tabla_de_Datos_COCHES!$B$19:$G$27,4,0))))) -> 0
A36: 26 | C36: =IFERROR(VLOOKUP(Verificaciones_CRONO_ok!B36,'Listado Pilotos y Equipos'!$B$3:$P$86,12,0),"") | G36: =IF(D36="",0,IF(C36=Tabla_de_Datos_COPA_PALMARES!$B$3,VLOOKUP(D36,Tabla_de_Datos_COCHES!$B$4:$G$18,4,0),IF(C36=Tabla_de_Datos_COPA_PALMARES!$B$4,VLOOKUP(D36,Tabla_de_Datos_COCHES!$B$28:$G$42,4,0),IF(C36=Tabla_de_Datos_COPA_PALMARES!$B$5,VLOOKUP(D36,Tabla_de_Datos_COCHES!$B$19:$G$27,4,0))))) -> 0
A37: 27 | C37: =IFERROR(VLOOKUP(Verificaciones_CRONO_ok!B37,'Listado Pilotos y Equipos'!$B$3:$P$86,12,0),"") | G37: =IF(D37="",0,IF(C37=Tabla_de_Datos_COPA_PALMARES!$B$3,VLOOKUP(D37,Tabla_de_Datos_COCHES!$B$4:$G$18,4,0),IF(C37=Tabla_de_Datos_COPA_PALMARES!$B$4,VLOOKUP(D37,Tabla_de_Datos_COCHES!$B$28:$G$42,4,0),IF(C37=Tabla_de_Datos_COPA_PALMARES!$B$5,VLOOKUP(D37,Tabla_de_Datos_COCHES!$B$19:$G$27,4,0))))) -> 0
A38: 28 | C38: =IFERROR(VLOOKUP(Verificaciones_CRONO_ok!B38,'Listado Pilotos y Equipos'!$B$3:$P$86,12,0),"") | G38: =IF(D38="",0,IF(C38=Tabla_de_Datos_COPA_PALMARES!$B$3,VLOOKUP(D38,Tabla_de_Datos_COCHES!$B$4:$G$18,4,0),IF(C38=Tabla_de_Datos_COPA_PALMARES!$B$4,VLOOKUP(D38,Tabla_de_Datos_COCHES!$B$28:$G$42,4,0),IF(C38=Tabla_de_Datos_COPA_PALMARES!$B$5,VLOOKUP(D38,Tabla_de_Datos_COCHES!$B$19:$G$27,4,0))))) -> 0
A39: 29 | C39: =IFERROR(VLOOKUP(Verificaciones_CRONO_ok!B39,'Listado Pilotos y Equipos'!$B$3:$P$86,12,0),"") | G39: =IF(D39="",0,IF(C39=Tabla_de_Datos_COPA_PALMARES!$B$3,VLOOKUP(D39,Tabla_de_Datos_COCHES!$B$4:$G$18,4,0),IF(C39=Tabla_de_Datos_COPA_PALMARES!$B$4,VLOOKUP(D39,Tabla_de_Datos_COCHES!$B$28:$G$42,4,0),IF(C39=Tabla_de_Datos_COPA_PALMARES!$B$5,VLOOKUP(D39,Tabla_de_Datos_COCHES!$B$19:$G$27,4,0))))) -> 0
A40: 30 | C40: =IFERROR(VLOOKUP(Verificaciones_CRONO_ok!B40,'Listado Pilotos y Equipos'!$B$3:$P$86,12,0),"") | G40: =IF(D40="",0,IF(C40=Tabla_de_Datos_COPA_PALMARES!$B$3,VLOOKUP(D40,Tabla_de_Datos_COCHES!$B$4:$G$18,4,0),IF(C40=Tabla_de_Datos_COPA_PALMARES!$B$4,VLOOKUP(D40,Tabla_de_Datos_COCHES!$B$28:$G$42,4,0),IF(C40=Tabla_de_Datos_COPA_PALMARES!$B$5,VLOOKUP(D40,Tabla_de_Datos_COCHES!$B$19:$G$27,4,0))))) -> 0
A41: 31 | C41: =IFERROR(VLOOKUP(Verificaciones_CRONO_ok!B41,'Listado Pilotos y Equipos'!$B$3:$P$86,12,0),"") | G41: =IF(D41="",0,IF(C41=Tabla_de_Datos_COPA_PALMARES!$B$3,VLOOKUP(D41,Tabla_de_Datos_COCHES!$B$4:$G$18,4,0),IF(C41=Tabla_de_Datos_COPA_PALMARES!$B$4,VLOOKUP(D41,Tabla_de_Datos_COCHES!$B$28:$G$42,4,0),IF(C41=Tabla_de_Datos_COPA_PALMARES!$B$5,VLOOKUP(D41,Tabla_de_Datos_COCHES!$B$19:$G$27,4,0))))) -> 0
A42: 32 | C42: =IFERROR(VLOOKUP(Verificaciones_CRONO_ok!B42,'Listado Pilotos y Equipos'!$B$3:$P$86,12,0),"") | G42: =IF(D42="",0,IF(C42=Tabla_de_Datos_COPA_PALMARES!$B$3,VLOOKUP(D42,Tabla_de_Datos_COCHES!$B$4:$G$18,4,0),IF(C42=Tabla_de_Datos_COPA_PALMARES!$B$4,VLOOKUP(D42,Tabla_de_Datos_COCHES!$B$28:$G$42,4,0),IF(C42=Tabla_de_Datos_COPA_PALMARES!$B$5,VLOOKUP(D42,Tabla_de_Datos_COCHES!$B$19:$G$27,4,0))))) -> 0
A43: 33 | C43: =IFERROR(VLOOKUP(Verificaciones_CRONO_ok!B43,'Listado Pilotos y Equipos'!$B$3:$P$86,12,0),"") | G43: =IF(D43="",0,IF(C43=Tabla_de_Datos_COPA_PALMARES!$B$3,VLOOKUP(D43,Tabla_de_Datos_COCHES!$B$4:$G$18,4,0),IF(C43=Tabla_de_Datos_COPA_PALMARES!$B$4,VLOOKUP(D43,Tabla_de_Datos_COCHES!$B$28:$G$42,4,0),IF(C43=Tabla_de_Datos_COPA_PALMARES!$B$5,VLOOKUP(D43,Tabla_de_Datos_COCHES!$B$19:$G$27,4,0))))) -> 0
A44: 34 | C44: =IFERROR(VLOOKUP(Verificaciones_CRONO_ok!B44,'Listado Pilotos y Equipos'!$B$3:$P$86,12,0),"") | G44: =IF(D44="",0,IF(C44=Tabla_de_Datos_COPA_PALMARES!$B$3,VLOOKUP(D44,Tabla_de_Datos_COCHES!$B$4:$G$18,4,0),IF(C44=Tabla_de_Datos_COPA_PALMARES!$B$4,VLOOKUP(D44,Tabla_de_Datos_COCHES!$B$28:$G$42,4,0),IF(C44=Tabla_de_Datos_COPA_PALMARES!$B$5,VLOOKUP(D44,Tabla_de_Datos_COCHES!$B$19:$G$27,4,0))))) -> 0
A45: 35 | C45: =IFERROR(VLOOKUP(Verificaciones_CRONO_ok!B45,'Listado Pilotos y Equipos'!$B$3:$P$86,12,0),"") | G45: =IF(D45="",0,IF(C45=Tabla_de_Datos_COPA_PALMARES!$B$3,VLOOKUP(D45,Tabla_de_Datos_COCHES!$B$4:$G$18,4,0),IF(C45=Tabla_de_Datos_COPA_PALMARES!$B$4,VLOOKUP(D45,Tabla_de_Datos_COCHES!$B$28:$G$42,4,0),IF(C45=Tabla_de_Datos_COPA_PALMARES!$B$5,VLOOKUP(D45,Tabla_de_Datos_COCHES!$B$19:$G$27,4,0))))) -> 0
A46: 36 | C46: =IFERROR(VLOOKUP(Verificaciones_CRONO_ok!B46,'Listado Pilotos y Equipos'!$B$3:$P$86,12,0),"") | G46: =IF(D46="",0,IF(C46=Tabla_de_Datos_COPA_PALMARES!$B$3,VLOOKUP(D46,Tabla_de_Datos_COCHES!$B$4:$G$18,4,0),IF(C46=Tabla_de_Datos_COPA_PALMARES!$B$4,VLOOKUP(D46,Tabla_de_Datos_COCHES!$B$28:$G$42,4,0),IF(C46=Tabla_de_Datos_COPA_PALMARES!$B$5,VLOOKUP(D46,Tabla_de_Datos_COCHES!$B$19:$G$27,4,0))))) -> 0
... A52: 42 | C52: =IFERROR(VLOOKUP(Verificaciones_CRONO_ok!B52,'Listado Pilotos y Equipos'!$B$3:$P$86,12,0),"") | G52: =IF(D52="",0,IF(C52=Tabla_de_Datos_COPA_PALMARES!$B$3,VLOOKUP(D52,Tabla_de_Datos_COCHES!$B$4:$G$18,4,0),IF(C52=Tabla_de_Datos_COPA_PALMARES!$B$4,VLOOKUP(D52,Tabla_de_Datos_COCHES!$B$28:$G$42,4,0),IF(C52=Tabla_de_Datos_COPA_PALMARES!$B$5,VLOOKUP(D52,Tabla_de_Datos_COCHES!$B$19:$G$27,4,0))))) -> 0
A53: 43 | C53: =IFERROR(VLOOKUP(Verificaciones_CRONO_ok!B53,'Listado Pilotos y Equipos'!$B$3:$P$86,12,0),"") | G53: =IF(D53="",0,IF(C53=Tabla_de_Datos_COPA_PALMARES!$B$3,VLOOKUP(D53,Tabla_de_Datos_COCHES!$B$4:$G$18,4,0),IF(C53=Tabla_de_Datos_COPA_PALMARES!$B$4,VLOOKUP(D53,Tabla_de_Datos_COCHES!$B$28:$G$42,4,0),IF(C53=Tabla_de_Datos_COPA_PALMARES!$B$5,VLOOKUP(D53,Tabla_de_Datos_COCHES!$B$19:$G$27,4,0))))) -> 0 | X53: COORDINADORA
W54: =SUM(W24:W53) -> 172 | X54: =SUM(X11:X53) -> 126
W55: =SUM(W11:W53) -> 392
Y57: =392-126 -> 266
A67: DETALLE DEL COCHE GANADOR

Sheet Inscritos_ELSOT
B5: EQUIPOS INSCRITOS
B7: # | C7: EQUIPO | D7: PILOTO | E7: PTOS. | F7: PILOTO2 | G7: PTOS | H7: TOTAL | I7: COPA | J7: DIA
B8: 1 | C8: SLOTSAB JUNIOR | D8: =IFERROR(VLOOKUP(C8,'Listado Pilotos y Equipos'!$B$3:$M$86,2,0),"") -> Sergi Martinez | E8: =IFERROR(VLOOKUP(Inscritos_ELSOT!$D8,Clasificacion_Final2019!$C$2:$P$107,14,0),0) -> 278.5 | F8: =IFERROR(VLOOKUP(C8,'Listado Pilotos y Equipos'!$B$3:$M$86,7,0),"") -> Victor Leon | G8: =IFERROR(VLOOKUP(Inscritos_ELSOT!$F8,Clasificacion_Final2019!$C$2:$P$107,14,0),0) -> 278.5 | H8: =IF(ISTEXT(E8),0,E8)+IF(ISTEXT(G8),0,G8) -> 557 | I8: =IFERROR(VLOOKUP(C8,'Listado Pilotos y Equipos'!$B$3:$P$86,12,0),"") -> SCALEAUTO_CUP | J8: Viernes
B9: =+B8+1 -> 2 | C9: EL SOT FU | D9: =IFERROR(VLOOKUP(C9,'Listado Pilotos y Equipos'!$B$3:$M$86,2,0),"") -> Alex Robles | E9: =IFERROR(VLOOKUP(Inscritos_ELSOT!$D9,Clasificacion_Final2019!$C$2:$P$107,14,0),0) -> 423.5 | F9: =IFERROR(VLOOKUP(C9,'Listado Pilotos y Equipos'!$B$3:$M$86,7,0),"") -> Jordi Robles | G9: =IFERROR(VLOOKUP(Inscritos_ELSOT!$F9,Clasificacion_Final2019!$C$2:$P$107,14,0),0) -> 423.5 | H9: =IF(ISTEXT(E9),0,E9)+IF(ISTEXT(G9),0,G9) -> 847 | I9: =IFERROR(VLOOKUP(C9,'Listado Pilotos y Equipos'!$B$3:$P$86,12,0),"") -> RESISBARNA | J9: Viernes
B10: =+B9+1 -> 3 | C10: GASCLAVAT JOAL | D10: =IFERROR(VLOOKUP(C10,'Listado Pilotos y Equipos'!$B$3:$M$86,2,0),"") -> Jesus Jodar | E10: =IFERROR(VLOOKUP(Inscritos_ELSOT!$D10,Clasificacion_Final2019!$C$2:$P$107,14,0),0) -> 0 | F10: =IFERROR(VLOOKUP(C10,'Listado Pilotos y Equipos'!$B$3:$M$86,7,0),"") -> Lluis Aldea | G10: =IFERROR(VLOOKUP(Inscritos_ELSOT!$F10,Clasificacion_Final2019!$C$2:$P$107,14,0),0) -> 0 | H10: =IF(ISTEXT(E10),0,E10)+IF(ISTEXT(G10),0,G10) -> 0 | I10: =IFERROR(VLOOKUP(C10,'Listado Pilotos y Equipos'!$B$3:$P$86,12,0),"") -> GT2 | J10: Viernes
B11: =+B10+1 -> 4 | C11: BATUA L'OLLA | D11: =IFERROR(VLOOKUP(C11,'Listado Pilotos y Equipos'!$B$3:$M$86,2,0),"") -> Oscar Alarcon | E11: =IFERROR(VLOOKUP(Inscritos_ELSOT!$D11,Clasificacion_Final2019!$C$2:$P$107,14,0),0) -> 210 | F11: =IFERROR(VLOOKUP(C11,'Listado Pilotos y Equipos'!$B$3:$M$86,7,0),"") -> Xavi Aranda | G11: =IFERROR(VLOOKUP(Inscritos_ELSOT!$F11,Clasificacion_Final2019!$C$2:$P$107,14,0),0) -> 210 | H11: =IF(ISTEXT(E11),0,E11)+IF(ISTEXT(G11),0,G11) -> 420 | I11: =IFERROR(VLOOKUP(C11,'Listado Pilotos y Equipos'!$B$3:$P$86,12,0),"") -> GT2 | J11: Sabado
B12: =+B11+1 -> 5 | C12: TRELEC | D12: =IFERROR(VLOOKUP(C12,'Listado Pilotos y Equipos'!$B$3:$M$86,2,0),"") -> Albert Figuerola | E12: =IFERROR(VLOOKUP(Inscritos_ELSOT!$D12,Clasificacion_Final2019!$C$2:$P$107,14,0),0) -> 0 | F12: =IFERROR(VLOOKUP(C12,'Listado Pilotos y Equipos'!$B$3:$M$86,7,0),"") -> Cesc Figueras | G12: =IFERROR(VLOOKUP(Inscritos_ELSOT!$F12,Clasificacion_Final2019!$C$2:$P$107,14,0),0) -> 0 | H12: =IF(ISTEXT(E12),0,E12)+IF(ISTEXT(G12),0,G12) -> 0 | I12: =IFERROR(VLOOKUP(C12,'Listado Pilotos y Equipos'!$B$3:$P$86,12,0),"") -> GT2 | J12: Sabado
B13: =+B12+1 -> 6 | C13: EL SOT SPORT | D13: =IFERROR(VLOOKUP(C13,'Listado Pilotos y Equipos'!$B$3:$M$86,2,0),"") -> Albert Trafach | E13: =IFERROR(VLOOKUP(Inscritos_ELSOT!$D13,Clasificacion_Final2019!$C$2:$P$107,14,0),0) -> 402 | F13: =IFERROR(VLOOKUP(C13,'Listado Pilotos y Equipos'!$B$3:$M$86,7,0),"") -> Oscar Capel | G13: =IFERROR(VLOOKUP(Inscritos_ELSOT!$F13,Clasificacion_Final2019!$C$2:$P$107,14,0),0) -> 362 | H13: =IF(ISTEXT(E13),0,E13)+IF(ISTEXT(G13),0,G13) -> 764 | I13: =IFERROR(VLOOKUP(C13,'Listado Pilotos y Equipos'!$B$3:$P$86,12,0),"") -> SCALEAUTO_CUP | J13: Viernes
B14: =+B13+1 -> 7 | C14: NOUTEAM SLOT | D14: =IFERROR(VLOOKUP(C14,'Listado Pilotos y Equipos'!$B$3:$M$86,2,0),"") -> Jordi Muñoz | E14: =IFERROR(VLOOKUP(Inscritos_ELSOT!$D14,Clasificacion_Final2019!$C$2:$P$107,14,0),0) -> 92 | F14: =IFERROR(VLOOKUP(C14,'Listado Pilotos y Equipos'!$B$3:$M$86,7,0),"") -> Cristina Acacio | G14: =IFERROR(VLOOKUP(Inscritos_ELSOT!$F14,Clasificacion_Final2019!$C$2:$P$107,14,0),0) -> 0 | H14: =IF(ISTEXT(E14),0,E14)+IF(ISTEXT(G14),0,G14) -> 92 | I14: =IFERROR(VLOOKUP(C14,'Listado Pilotos y Equipos'!$B$3:$P$86,12,0),"") -> GT2 | J14: Sabado
B15: =+B14+1 -> 8 | C15: DZERO SOT | D15: =IFERROR(VLOOKUP(C15,'Listado Pilotos y Equipos'!$B$3:$M$86,2,0),"") -> Israel Nevado | E15: =IFERROR(VLOOKUP(Inscritos_ELSOT!$D15,Clasificacion_Final2019!$C$2:$P$107,14,0),0) -> 283 | F15: =IFERROR(VLOOKUP(C15,'Listado Pilotos y Equipos'!$B$3:$M$86,7,0),"") -> Victor Gonzalez | G15: =IFERROR(VLOOKUP(Inscritos_ELSOT!$F15,Clasificacion_Final2019!$C$2:$P$107,14,0),0) -> 283 | H15: =IF(ISTEXT(E15),0,E15)+IF(ISTEXT(G15),0,G15) -> 566 | I15: =IFERROR(VLOOKUP(C15,'Listado Pilotos y Equipos'!$B$3:$P$86,12,0),"") -> SCALEAUTO_CUP | J15: Viernes
B16: =+B15+1 -> 9 | C16: EL SOT HORTA | D16: =IFERROR(VLOOKUP(C16,'Listado Pilotos y Equipos'!$B$3:$M$86,2,0),"") -> Miquel Bonavida | E16: =IFERROR(VLOOKUP(Inscritos_ELSOT!$D16,Clasificacion_Final2019!$C$2:$P$107,14,0),0) -> 0 | F16: =IFERROR(VLOOKUP(C16,'Listado Pilotos y Equipos'!$B$3:$M$86,7,0),"") -> Lorenzo Rodriguez | G16: =IFERROR(VLOOKUP(Inscritos_ELSOT!$F16,Clasificacion_Final2019!$C$2:$P$107,14,0),0) -> 0 | H16: =IF(ISTEXT(E16),0,E16)+IF(ISTEXT(G16),0,G16) -> 0 | I16: =IFERROR(VLOOKUP(C16,'Listado Pilotos y Equipos'!$B$3:$P$86,12,0),"") -> RESISBARNA | J16: Viernes
B17: =+B16+1 -> 10 | C17: EL SOT TEAM | D17: =IFERROR(VLOOKUP(C17,'Listado Pilotos y Equipos'!$B$3:$M$86,2,0),"") -> JM Sererols | E17: =IFERROR(VLOOKUP(Inscritos_ELSOT!$D17,Clasificacion_Final2019!$C$2:$P$107,14,0),0) -> 435 | F17: =IFERROR(VLOOKUP(C17,'Listado Pilotos y Equipos'!$B$3:$M$86,7,0),"") -> Eduard Cerda | G17: =IFERROR(VLOOKUP(Inscritos_ELSOT!$F17,Clasificacion_Final2019!$C$2:$P$107,14,0),0) -> 435 | H17: =IF(ISTEXT(E17),0,E17)+IF(ISTEXT(G17),0,G17) -> 870 | I17: =IFERROR(VLOOKUP(C17,'Listado Pilotos y Equipos'!$B$3:$P$86,12,0),"") -> SCALEAUTO_CUP | J17: Viernes
B18: =+B17+1 -> 11 | C18: CRIC-CRAC | D18: =IFERROR(VLOOKUP(C18,'Listado Pilotos y Equipos'!$B$3:$M$86,2,0),"") -> Israel Gomez | E18: =IFERROR(VLOOKUP(Inscritos_ELSOT!$D18,Clasificacion_Final2019!$C$2:$P$107,14,0),0) -> 457 | F18: =IFERROR(VLOOKUP(C18,'Listado Pilotos y Equipos'!$B$3:$M$86,7,0),"") -> Valeri Jonama | G18: =IFERROR(VLOOKUP(Inscritos_ELSOT!$F18,Clasificacion_Final2019!$C$2:$P$107,14,0),0) -> 457 | H18: =IF(ISTEXT(E18),0,E18)+IF(ISTEXT(G18),0,G18) -> 914 | I18: =IFERROR(VLOOKUP(C18,'Listado Pilotos y Equipos'!$B$3:$P$86,12,0),"") -> RESISBARNA | J18: Viernes
B19: =+B18+1 -> 12 | C19: SCM | D19: =IFERROR(VLOOKUP(C19,'Listado Pilotos y Equipos'!$B$3:$M$86,2,0),"") -> Edgar Carmona | E19: =IFERROR(VLOOKUP(Inscritos_ELSOT!$D19,Clasificacion_Final2019!$C$2:$P$107,14,0),0) -> 0 | F19: =IFERROR(VLOOKUP(C19,'Listado Pilotos y Equipos'!$B$3:$M$86,7,0),"") -> Jordi Cantos | G19: =IFERROR(VLOOKUP(Inscritos_ELSOT!$F19,Clasificacion_Final2019!$C$2:$P$107,14,0),0) -> 0 | H19: =IF(ISTEXT(E19),0,E19)+IF(ISTEXT(G19),0,G19) -> 0 | I19: =IFERROR(VLOOKUP(C19,'Listado Pilotos y Equipos'!$B$3:$P$86,12,0),"") -> GT2 | J19: Sabado
B20: =+B19+1 -> 13 | C20: CRONO3 | D20: =IFERROR(VLOOKUP(C20,'Listado Pilotos y Equipos'!$B$3:$M$86,2,0),"") -> Rafael Muñoz | E20: =IFERROR(VLOOKUP(Inscritos_ELSOT!$D20,Clasificacion_Final2019!$C$2:$P$107,14,0),0) -> 103 | F20: =IFERROR(VLOOKUP(C20,'Listado Pilotos y Equipos'!$B$3:$M$86,7,0),"") -> Victor Lopez | G20: =IFERROR(VLOOKUP(Inscritos_ELSOT!$F20,Clasificacion_Final2019!$C$2:$P$107,14,0),0) -> 78 | H20: =IF(ISTEXT(E20),0,E20)+IF(ISTEXT(G20),0,G20) -> 181 | I20: =IFERROR(VLOOKUP(C20,'Listado Pilotos y Equipos'!$B$3:$P$86,12,0),"") -> GT2 | J20: Sabado
... B44: =+B43+1 -> 37 | C44: ARREPLEGATS TECH | D44: =IFERROR(VLOOKUP(C44,'Listado Pilotos y Equipos'!$B$3:$M$86,2,0),"") -> Jordi Perez | E44: =IFERROR(VLOOKUP(Inscritos_ELSOT!$D44,Clasificacion_Final2019!$C$2:$P$107,14,0),0) -> 360.5 | F44: =IFERROR(VLOOKUP(C44,'Listado Pilotos y Equipos'!$B$3:$M$86,7,0),"") -> Marc Lansac | G44: =IFERROR(VLOOKUP(Inscritos_ELSOT!$F44,Clasificacion_Final2019!$C$2:$P$107,14,0),0) -> 341.5 | H44: =IF(ISTEXT(E44),0,E44)+IF(ISTEXT(G44),0,G44) -> 702 | I44: =IFERROR(VLOOKUP(C44,'Listado Pilotos y Equipos'!$B$3:$P$86,12,0),"") -> SCALEAUTO_CUP | J44: Jueves
B45: =+B44+1 -> 38 | D45: =IFERROR(VLOOKUP(C45,'Listado Pilotos y Equipos'!$B$3:$M$86,2,0),"") | E45: =IFERROR(VLOOKUP(Inscritos_ELSOT!$D45,Clasificacion_Final2019!$C$2:$P$107,14,0),0) -> 0 | F45: =IFERROR(VLOOKUP(C45,'Listado Pilotos y Equipos'!$B$3:$M$86,7,0),"") | G45: =IFERROR(VLOOKUP(Inscritos_ELSOT!$F45,Clasificacion_Final2019!$C$2:$P$107,14,0),0) -> 0 | H45: =IF(ISTEXT(E45),0,E45)+IF(ISTEXT(G45),0,G45) -> 0 | I45: =IFERROR(VLOOKUP(C45,'Listado Pilotos y Equipos'!$B$3:$P$86,12,0),"")
B46: =+B45+1 -> 39 | D46: =IFERROR(VLOOKUP(C46,'Listado Pilotos y Equipos'!$B$3:$M$86,2,0),"") | E46: =IFERROR(VLOOKUP(Inscritos_ELSOT!$D46,Clasificacion_Final2019!$C$2:$P$107,14,0),0) -> 0 | F46: =IFERROR(VLOOKUP(C46,'Listado Pilotos y Equipos'!$B$3:$M$86,7,0),"") | G46: =IFERROR(VLOOKUP(Inscritos_ELSOT!$F46,Clasificacion_Final2019!$C$2:$P$107,14,0),0) -> 0 | H46: =IF(ISTEXT(E46),0,E46)+IF(ISTEXT(G46),0,G46) -> 0 | I46: =IFERROR(VLOOKUP(C46,'Listado Pilotos y Equipos'!$B$3:$P$86,12,0),"")
B47: =+B46+1 -> 40 | D47: =IFERROR(VLOOKUP(C47,'Listado Pilotos y Equipos'!$B$3:$M$86,2,0),"") | E47: =IFERROR(VLOOKUP(Inscritos_ELSOT!$D47,Clasificacion_Final2019!$C$2:$P$107,14,0),0) -> 0 | F47: =IFERROR(VLOOKUP(C47,'Listado Pilotos y Equipos'!$B$3:$M$86,7,0),"") | G47: =IFERROR(VLOOKUP(Inscritos_ELSOT!$F47,Clasificacion_Final2019!$C$2:$P$107,14,0),0) -> 0 | H47: =IF(ISTEXT(E47),0,E47)+IF(ISTEXT(G47),0,G47) -> 0 | I47: =IFERROR(VLOOKUP(C47,'Listado Pilotos y Equipos'!$B$3:$P$86,12,0),"")
B48: =+B47+1 -> 41 | D48: =IFERROR(VLOOKUP(C48,'Listado Pilotos y Equipos'!$B$3:$M$86,2,0),"") | E48: =IFERROR(VLOOKUP(Inscritos_ELSOT!$D48,Clasificacion_Final2019!$C$2:$P$107,14,0),0) -> 0 | F48: =IFERROR(VLOOKUP(C48,'Listado Pilotos y Equipos'!$B$3:$M$86,7,0),"") | G48: =IFERROR(VLOOKUP(Inscritos_ELSOT!$F48,Clasificacion_Final2019!$C$2:$P$107,14,0),0) -> 0 | H48: =IF(ISTEXT(E48),0,E48)+IF(ISTEXT(G48),0,G48) -> 0 | I48: =IFERROR(VLOOKUP(C48,'Listado Pilotos y Equipos'!$B$3:$P$86,12,0),"")
B49: =+B48+1 -> 42 | D49: =IFERROR(VLOOKUP(C49,'Listado Pilotos y Equipos'!$B$3:$M$86,2,0),"") | E49: =IFERROR(VLOOKUP(Inscritos_ELSOT!$D49,Clasificacion_Final2019!$C$2:$P$107,14,0),0) -> 0 | F49: =IFERROR(VLOOKUP(C49,'Listado Pilotos y Equipos'!$B$3:$M$86,7,0),"") | G49: =IFERROR(VLOOKUP(Inscritos_ELSOT!$F49,Clasificacion_Final2019!$C$2:$P$107,14,0),0) -> 0 | H49: =IF(ISTEXT(E49),0,E49)+IF(ISTEXT(G49),0,G49) -> 0 | I49: =IFERROR(VLOOKUP(C49,'Listado Pilotos y Equipos'!$B$3:$P$86,12,0),"")
B50: =+B49+1 -> 43 | D50: =IFERROR(VLOOKUP(C50,'Listado Pilotos y Equipos'!$B$3:$M$86,2,0),"") | E50: =IFERROR(VLOOKUP(Inscritos_ELSOT!$D50,Clasificacion_Final2019!$C$2:$P$107,14,0),0) -> 0 | F50: =IFERROR(VLOOKUP(C50,'Listado Pilotos y Equipos'!$B$3:$M$86,7,0),"") | G50: =IFERROR(VLOOKUP(Inscritos_ELSOT!$F50,Clasificacion_Final2019!$C$2:$P$107,14,0),0) -> 0 | H50: =IF(ISTEXT(E50),0,E50)+IF(ISTEXT(G50),0,G50) -> 0 | I50: =IFERROR(VLOOKUP(C50,'Listado Pilotos y Equipos'!$B$3:$P$86,12,0),"")
B51: =+B50+1 -> 44 | D51: =IFERROR(VLOOKUP(C51,'Listado Pilotos y Equipos'!$B$3:$M$86,2,0),"") | E51: =IFERROR(VLOOKUP(Inscritos_ELSOT!$D51,Clasificacion_Final2019!$C$2:$P$107,14,0),0) -> 0 | F51: =IFERROR(VLOOKUP(C51,'Listado Pilotos y Equipos'!$B$3:$M$86,7,0),"") | G51: =IFERROR(VLOOKUP(Inscritos_ELSOT!$F51,Clasificacion_Final2019!$C$2:$P$107,14,0),0) -> 0 | H51: =IF(ISTEXT(E51),0,E51)+IF(ISTEXT(G51),0,G51) -> 0 | I51: =IFERROR(VLOOKUP(C51,'Listado Pilotos y Equipos'!$B$3:$P$86,12,0),"")
B52: =+B51+1 -> 45 | D52: =IFERROR(VLOOKUP(C52,'Listado Pilotos y Equipos'!$B$3:$M$86,2,0),"") | E52: =IFERROR(VLOOKUP(Inscritos_ELSOT!$D52,Clasificacion_Final2019!$C$2:$P$107,14,0),0) -> 0 | F52: =IFERROR(VLOOKUP(C52,'Listado Pilotos y Equipos'!$B$3:$M$86,7,0),"") | G52: =IFERROR(VLOOKUP(Inscritos_ELSOT!$F52,Clasificacion_Final2019!$C$2:$P$107,14,0),0) -> 0 | H52: =IF(ISTEXT(E52),0,E52)+IF(ISTEXT(G52),0,G52) -> 0 | I52: =IFERROR(VLOOKUP(C52,'Listado Pilotos y Equipos'!$B$3:$P$86,12,0),"")

Sheet Mangas_ELSOT
A5: MANGA JUEVES
A7: # | B7: EQUIPO | C7: CARRIL SALIDA | D7: PILOTO1 | E7: CARRILES | F7: PTOS. | G7: PILOTO2 | H7: CARRILES2 | I7: PTOS.3 | J7: TOTAL
A8: 1 | B8: RALLY TEAM | D8: =IFERROR(VLOOKUP(B8,'Listado Pilotos y Equipos'!$B$3:$M$86,2,0),"") -> Uri Capdevila | F8: =IFERROR(VLOOKUP(Mangas_ELSOT!$D8,Clasificacion_Final2019!$C$2:$P$107,14,0),0) -> 400 | G8: =IFERROR(VLOOKUP(B8,'Listado Pilotos y Equipos'!$B$3:$M$86,7,0),"") -> Guillem Romero | I8: =IFERROR(VLOOKUP(Mangas_ELSOT!$G8,Clasificacion_Final2019!$C$2:$P$107,14,0),0) -> 400 | J8: =IFERROR(F8+I8,0) -> 800
A9: 2 | B9: ARREPLEGATS TECH | D9: =IFERROR(VLOOKUP(B9,'Listado Pilotos y Equipos'!$B$3:$M$86,2,0),"") -> Jordi Perez | F9: =IFERROR(VLOOKUP(Mangas_ELSOT!$D9,Clasificacion_Final2019!$C$2:$P$107,14,0),0) -> 360.5 | G9: =IFERROR(VLOOKUP(B9,'Listado Pilotos y Equipos'!$B$3:$M$86,7,0),"") -> Marc Lansac | I9: =IFERROR(VLOOKUP(Mangas_ELSOT!$G9,Clasificacion_Final2019!$C$2:$P$107,14,0),0) -> 341.5 | J9: =IFERROR(F9+I9,0) -> 702
A10: 3 | B10: STP RACING | D10: =IFERROR(VLOOKUP(B10,'Listado Pilotos y Equipos'!$B$3:$M$86,2,0),"") -> Richard Arredondo | F10: =IFERROR(VLOOKUP(Mangas_ELSOT!$D10,Clasificacion_Final2019!$C$2:$P$107,14,0),0) -> 380 | G10: =IFERROR(VLOOKUP(B10,'Listado Pilotos y Equipos'!$B$3:$M$86,7,0),"") -> Gabriel Rodriguez | I10: =IFERROR(VLOOKUP(Mangas_ELSOT!$G10,Clasificacion_Final2019!$C$2:$P$107,14,0),0) -> 329 | J10: =IFERROR(F10+I10,0) -> 709
A11: 4 | B11: DZERO SOT | D11: =IFERROR(VLOOKUP(B11,'Listado Pilotos y Equipos'!$B$3:$M$86,2,0),"") -> Israel Nevado | F11: =IFERROR(VLOOKUP(Mangas_ELSOT!$D11,Clasificacion_Final2019!$C$2:$P$107,14,0),0) -> 283 | G11: =IFERROR(VLOOKUP(B11,'Listado Pilotos y Equipos'!$B$3:$M$86,7,0),"") -> Victor Gonzalez | I11: =IFERROR(VLOOKUP(Mangas_ELSOT!$G11,Clasificacion_Final2019!$C$2:$P$107,14,0),0) -> 283 | J11: =IFERROR(F11+I11,0) -> 566
A12: 5 | B12: SLOTSAB JUNIOR | D12: =IFERROR(VLOOKUP(B12,'Listado Pilotos y Equipos'!$B$3:$M$86,2,0),"") -> Sergi Martinez | F12: =IFERROR(VLOOKUP(Mangas_ELSOT!$D12,Clasificacion_Final2019!$C$2:$P$107,14,0),0) -> 278.5 | G12: =IFERROR(VLOOKUP(B12,'Listado Pilotos y Equipos'!$B$3:$M$86,7,0),"") -> Victor Leon | I12: =IFERROR(VLOOKUP(Mangas_ELSOT!$G12,Clasificacion_Final2019!$C$2:$P$107,14,0),0) -> 278.5 | J12: =IFERROR(F12+I12,0) -> 557
A13: 6 | B13: ESTEL·LATS | D13: =IFERROR(VLOOKUP(B13,'Listado Pilotos y Equipos'!$B$3:$M$86,2,0),"") -> Enric Illa | F13: =IFERROR(VLOOKUP(Mangas_ELSOT!$D13,Clasificacion_Final2019!$C$2:$P$107,14,0),0) -> 172 | G13: =IFERROR(VLOOKUP(B13,'Listado Pilotos y Equipos'!$B$3:$M$86,7,0),"") -> Jordi Simo | I13: =IFERROR(VLOOKUP(Mangas_ELSOT!$G13,Clasificacion_Final2019!$C$2:$P$107,14,0),0) -> 347 | J13: =IFERROR(F13+I13,0) -> 519
A14: 7 | B14: SLOTFOURMANIA | D14: =IFERROR(VLOOKUP(B14,'Listado Pilotos y Equipos'!$B$3:$M$86,2,0),"") -> Jaume Llobet | F14: =IFERROR(VLOOKUP(Mangas_ELSOT!$D14,Clasificacion_Final2019!$C$2:$P$107,14,0),0) -> 217 | G14: =IFERROR(VLOOKUP(B14,'Listado Pilotos y Equipos'!$B$3:$M$86,7,0),"") -> Oscar Vila | I14: =IFERROR(VLOOKUP(Mangas_ELSOT!$G14,Clasificacion_Final2019!$C$2:$P$107,14,0),0) -> 187 | J14: =IFERROR(F14+I14,0) -> 404
A15: 8 | B15: SLOT SAB JOOS | D15: =IFERROR(VLOOKUP(B15,'Listado Pilotos y Equipos'!$B$3:$M$86,2,0),"") | F15: =IFERROR(VLOOKUP(Mangas_ELSOT!$D15,Clasificacion_Final2019!$C$2:$P$107,14,0),0) -> 0 | G15: =IFERROR(VLOOKUP(B15,'Listado Pilotos y Equipos'!$B$3:$M$86,7,0),"") | I15: =IFERROR(VLOOKUP(Mangas_ELSOT!$G15,Clasificacion_Final2019!$C$2:$P$107,14,0),0) -> 0 | J15: =IFERROR(F15+I15,0) -> 0
A16: 9 | B16: OSOTNA | D16: =IFERROR(VLOOKUP(B16,'Listado Pilotos y Equipos'!$B$3:$M$86,2,0),"") -> Manel Soriano | F16: =IFERROR(VLOOKUP(Mangas_ELSOT!$D16,Clasificacion_Final2019!$C$2:$P$107,14,0),0) -> 238.5 | G16: =IFERROR(VLOOKUP(B16,'Listado Pilotos y Equipos'!$B$3:$M$86,7,0),"") -> David Mercader | I16: =IFERROR(VLOOKUP(Mangas_ELSOT!$G16,Clasificacion_Final2019!$C$2:$P$107,14,0),0) -> 0 | J16: =IFERROR(F16+I16,0) -> 238.5
A17: 10 | B17: EL SOT CALAVERAS | D17: =IFERROR(VLOOKUP(B17,'Listado Pilotos y Equipos'!$B$3:$M$86,2,0),"") -> Jorge Valdivieso | F17: =IFERROR(VLOOKUP(Mangas_ELSOT!$D17,Clasificacion_Final2019!$C$2:$P$107,14,0),0) -> 0 | G17: =IFERROR(VLOOKUP(B17,'Listado Pilotos y Equipos'!$B$3:$M$86,7,0),"") -> Alberto Bolsa | I17: =IFERROR(VLOOKUP(Mangas_ELSOT!$G17,Clasificacion_Final2019!$C$2:$P$107,14,0),0) -> 149.5 | J17: =IFERROR(F17+I17,0) -> 149.5
A18: 11 | D18: =IFERROR(VLOOKUP(B18,'Listado Pilotos y Equipos'!$B$3:$M$86,2,0),"") | F18: =IFERROR(VLOOKUP(Mangas_ELSOT!$D18,Clasificacion_Final2019!$C$2:$P$107,14,0),0) -> 0 | G18: =IFERROR(VLOOKUP(B18,'Listado Pilotos y Equipos'!$B$3:$M$86,7,0),"") | I18: =IFERROR(VLOOKUP(Mangas_ELSOT!$G18,Clasificacion_Final2019!$C$2:$P$107,14,0),0) -> 0 | J18: =IFERROR(F18+I18,0) -> 0
A19: 12 | D19: =IFERROR(VLOOKUP(B19,'Listado Pilotos y Equipos'!$B$3:$M$86,2,0),"") | F19: =IFERROR(VLOOKUP(Mangas_ELSOT!$D19,Clasificacion_Final2019!$C$2:$P$107,14,0),0) -> 0 | G19: =IFERROR(VLOOKUP(B19,'Listado Pilotos y Equipos'!$B$3:$M$86,7,0),"") | I19: =IFERROR(VLOOKUP(Mangas_ELSOT!$G19,Clasificacion_Final2019!$C$2:$P$107,14,0),0) -> 0 | J19: =IFERROR(F19+I19,0) -> 0
A20: 13 | D20: =IFERROR(VLOOKUP(B20,'Listado Pilotos y Equipos'!$B$3:$M$86,2,0),"") | F20: =IFERROR(VLOOKUP(Mangas_ELSOT!$D20,Clasificacion_Final2019!$C$2:$P$107,14,0),0) -> 0 | G20: =IFERROR(VLOOKUP(B20,'Listado Pilotos y Equipos'!$B$3:$M$86,7,0),"") | I20: =IFERROR(VLOOKUP(Mangas_ELSOT!$G20,Clasificacion_Final2019!$C$2:$P$107,14,0),0) -> 0 | J20: =IFERROR(F20+I20,0) -> 0
A21: 14 | D21: =IFERROR(VLOOKUP(B21,'Listado Pilotos y Equipos'!$B$3:$M$86,2,0),"") | F21: =IFERROR(VLOOKUP(Mangas_ELSOT!$D21,Clasificacion_Final2019!$C$2:$P$107,14,0),0) -> 0 | G21: =IFERROR(VLOOKUP(B21,'Listado Pilotos y Equipos'!$B$3:$M$86,7,0),"") | I21: =IFERROR(VLOOKUP(Mangas_ELSOT!$G21,Clasificacion_Final2019!$C$2:$P$107,14,0),0) -> 0 | J21: =IFERROR(F21+I21,0) -> 0
A22: 15 | F22: =IFERROR(VLOOKUP(Mangas_ELSOT!$D22,Clasificacion_Final2019!$C$2:$P$107,14,0),0) -> 0 | G22: =IFERROR(VLOOKUP(B22,'Listado Pilotos y Equipos'!$B$3:$M$86,7,0),"") | I22: =IFERROR(VLOOKUP(Mangas_ELSOT!$G22,Clasificacion_Final2019!$C$2:$P$107,14,0),0) -> 0 | J22: =IFERROR(F22+I22,0) -> 0
A23: 16 | F23: =IFERROR(VLOOKUP(Mangas_ELSOT!$D23,Clasificacion_Final2019!$C$2:$P$107,14,0),0) -> 0 | G23: =IFERROR(VLOOKUP(B23,'Listado Pilotos y Equipos'!$B$3:$M$86,7,0),"") | I23: =IFERROR(VLOOKUP(Mangas_ELSOT!$G23,Clasificacion_Final2019!$C$2:$P$107,14,0),0) -> 0 | J23: =IFERROR(F23+I23,0) -> 0
A24: 17 | D24: =IFERROR(VLOOKUP(B24,'Listado Pilotos y Equipos'!$B$3:$M$86,2,0),"") | F24: =IFERROR(VLOOKUP(Mangas_ELSOT!$D24,Clasificacion_Final2019!$C$2:$P$107,14,0),0) -> 0 | G24: =IFERROR(VLOOKUP(B24,'Listado Pilotos y Equipos'!$B$3:$M$86,7,0),"") | I24: =IFERROR(VLOOKUP(Mangas_ELSOT!$G24,Clasificacion_Final2019!$C$2:$P$107,14,0),0) -> 0 | J24: =IFERROR(F24+I24,0) -> 0
A25: 18 | D25: =IFERROR(VLOOKUP(B25,'Listado Pilotos y Equipos'!$B$3:$M$86,2,0),"") | F25: =IFERROR(VLOOKUP(Mangas_ELSOT!$D25,Clasificacion_Final2019!$C$2:$P$107,14,0),0) -> 0 | G25: =IFERROR(VLOOKUP(B25,'Listado Pilotos y Equipos'!$B$3:$M$86,7,0),"") | I25: =IFERROR(VLOOKUP(Mangas_ELSOT!$G25,Clasificacion_Final2019!$C$2:$P$107,14,0),0) -> 0 | J25: =IFERROR(F25+I25,0) -> 0
A29: MANGA VIERNES
A31: # | B31: EQUIPO | C31: CARRIL SALIDA | D31: PILOTO1 | E31: CARRILES | F31: PTOS. | G31: PILOTO2 | H31: CARRILES2 | I31: PTOS.3 | J31: TOTAL
A32: 1 | B32: SLOTFORYOU | D32: =IFERROR(VLOOKUP(B32,'Listado Pilotos y Equipos'!$B$3:$M$86,2,0),"") -> Joel Mendizabal | F32: =IFERROR(VLOOKUP(Mangas_ELSOT!$D32,Clasificacion_Final2019!$C$2:$P$107,14,0),0) -> 461.5 | G32: =IFERROR(VLOOKUP(B32,'Listado Pilotos y Equipos'!$B$3:$M$86,7,0),"") -> Vicens Febrero | I32: =IFERROR(VLOOKUP(Mangas_ELSOT!$G32,Clasificacion_Final2019!$C$2:$P$107,14,0),0) -> 461.5 | J32: =IFERROR(F32+I32,0) -> 923
A33: 2 | B33: CRIC-CRAC | D33: =IFERROR(VLOOKUP(B33,'Listado Pilotos y Equipos'!$B$3:$M$86,2,0),"") -> Israel Gomez | F33: =IFERROR(VLOOKUP(Mangas_ELSOT!$D33,Clasificacion_Final2019!$C$2:$P$107,14,0),0) -> 457 | G33: =IFERROR(VLOOKUP(B33,'Listado Pilotos y Equipos'!$B$3:$M$86,7,0),"") -> Valeri Jonama | I33: =IFERROR(VLOOKUP(Mangas_ELSOT!$G33,Clasificacion_Final2019!$C$2:$P$107,14,0),0) -> 457 | J33: =IFERROR(F33+I33,0) -> 914
A34: 3 | B34: EL SOT TEAM | D34: =IFERROR(VLOOKUP(B34,'Listado Pilotos y Equipos'!$B$3:$M$86,2,0),"") -> JM Sererols | F34: =IFERROR(VLOOKUP(Mangas_ELSOT!$D34,Clasificacion_Final2019!$C$2:$P$107,14,0),0) -> 435 | G34: =IFERROR(VLOOKUP(B34,'Listado Pilotos y Equipos'!$B$3:$M$86,7,0),"") -> Eduard Cerda | I34: =IFERROR(VLOOKUP(Mangas_ELSOT!$G34,Clasificacion_Final2019!$C$2:$P$107,14,0),0) -> 435 | J34: =IFERROR(F34+I34,0) -> 870
A35: 4 | B35: EL SOT FU | D35: =IFERROR(VLOOKUP(B35,'Listado Pilotos y Equipos'!$B$3:$M$86,2,0),"") -> Alex Robles | F35: =IFERROR(VLOOKUP(Mangas_ELSOT!$D35,Clasificacion_Final2019!$C$2:$P$107,14,0),0) -> 423.5 | G35: =IFERROR(VLOOKUP(B35,'Listado Pilotos y Equipos'!$B$3:$M$86,7,0),"") -> Jordi Robles | I35: =IFERROR(VLOOKUP(Mangas_ELSOT!$G35,Clasificacion_Final2019!$C$2:$P$107,14,0),0) -> 423.5 | J35: =IFERROR(F35+I35,0) -> 847
A36: 5 | B36: EL SOT SPORT | D36: =IFERROR(VLOOKUP(B36,'Listado Pilotos y Equipos'!$B$3:$M$86,2,0),"") -> Albert Trafach | F36: =IFERROR(VLOOKUP(Mangas_ELSOT!$D36,Clasificacion_Final2019!$C$2:$P$107,14,0),0) -> 402 | G36: =IFERROR(VLOOKUP(B36,'Listado Pilotos y Equipos'!$B$3:$M$86,7,0),"") -> Oscar Capel | I36: =IFERROR(VLOOKUP(Mangas_ELSOT!$G36,Clasificacion_Final2019!$C$2:$P$107,14,0),0) -> 362 | J36: =IFERROR(F36+I36,0) -> 764
A37: 6 | B37: HOT SLOT FOR YOU | D37: =IFERROR(VLOOKUP(B37,'Listado Pilotos y Equipos'!$B$3:$M$86,2,0),"") -> Xavi Cortada | F37: =IFERROR(VLOOKUP(Mangas_ELSOT!$D37,Clasificacion_Final2019!$C$2:$P$107,14,0),0) -> 367.5 | G37: =IFERROR(VLOOKUP(B37,'Listado Pilotos y Equipos'!$B$3:$M$86,7,0),"") -> Adam Parera | I37: =IFERROR(VLOOKUP(Mangas_ELSOT!$G37,Clasificacion_Final2019!$C$2:$P$107,14,0),0) -> 360.5 | J37: =IFERROR(F37+I37,0) -> 728
A38: 7 | B38: SLOTMANIA RIDERS | D38: =IFERROR(VLOOKUP(B38,'Listado Pilotos y Equipos'!$B$3:$M$86,2,0),"") -> Sergi Sola | F38: =IFERROR(VLOOKUP(Mangas_ELSOT!$D38,Clasificacion_Final2019!$C$2:$P$107,14,0),0) -> 349 | G38: =IFERROR(VLOOKUP(B38,'Listado Pilotos y Equipos'!$B$3:$M$86,7,0),"") -> David Izquierdo | I38: =IFERROR(VLOOKUP(Mangas_ELSOT!$G38,Clasificacion_Final2019!$C$2:$P$107,14,0),0) -> 349 | J38: =IFERROR(F38+I38,0) -> 698
A39: 8 | B39: SLOTMANIA | D39: =IFERROR(VLOOKUP(B39,'Listado Pilotos y Equipos'!$B$3:$M$86,2,0),"") -> Besay Porta | F39: =IFERROR(VLOOKUP(Mangas_ELSOT!$D39,Clasificacion_Final2019!$C$2:$P$107,14,0),0) -> 577 | G39: =IFERROR(VLOOKUP(B39,'Listado Pilotos y Equipos'!$B$3:$M$86,7,0),"") -> Ignasi Baldominos | I39: =IFERROR(VLOOKUP(Mangas_ELSOT!$G39,Clasificacion_Final2019!$C$2:$P$107,14,0),0) -> 0 | J39: =IFERROR(F39+I39,0) -> 577
A40: 9 | B40: ARREPLEGATS | D40: =IFERROR(VLOOKUP(B40,'Listado Pilotos y Equipos'!$B$3:$M$86,2,0),"") -> Julen Valbuena | F40: =IFERROR(VLOOKUP(Mangas_ELSOT!$D40,Clasificacion_Final2019!$C$2:$P$107,14,0),0) -> 303 | G40: =IFERROR(VLOOKUP(B40,'Listado Pilotos y Equipos'!$B$3:$M$86,7,0),"") -> Germa Portet | I40: =IFERROR(VLOOKUP(Mangas_ELSOT!$G40,Clasificacion_Final2019!$C$2:$P$107,14,0),0) -> 262 | J40: =IFERROR(F40+I40,0) -> 565
A41: 10 | B41: EL SOT WARRIOS | D41: =IFERROR(VLOOKUP(B41,'Listado Pilotos y Equipos'!$B$3:$M$86,2,0),"") | F41: =IFERROR(VLOOKUP(Mangas_ELSOT!$D41,Clasificacion_Final2019!$C$2:$P$107,14,0),0) -> 0 | G41: =IFERROR(VLOOKUP(B41,'Listado Pilotos y Equipos'!$B$3:$M$86,7,0),"") | I41: =IFERROR(VLOOKUP(Mangas_ELSOT!$G41,Clasificacion_Final2019!$C$2:$P$107,14,0),0) -> 0 | J41: =IFERROR(F41+I41,0) -> 0
A42: 11 | B42: RADAR | D42: =IFERROR(VLOOKUP(B42,'Listado Pilotos y Equipos'!$B$3:$M$86,2,0),"") -> Francisco Aguilera | F42: =IFERROR(VLOOKUP(Mangas_ELSOT!$D42,Clasificacion_Final2019!$C$2:$P$107,14,0),0) -> 128 | G42: =IFERROR(VLOOKUP(B42,'Listado Pilotos y Equipos'!$B$3:$M$86,7,0),"") -> Miguel Angel Aguilera | I42: =IFERROR(VLOOKUP(Mangas_ELSOT!$G42,Clasificacion_Final2019!$C$2:$P$107,14,0),0) -> 128 | J42: =IFERROR(F42+I42,0) -> 256
A43: 12 | B43: CRONO1 | D43: =IFERROR(VLOOKUP(B43,'Listado Pilotos y Equipos'!$B$3:$M$86,2,0),"") -> Javier Muñoz | F43: =IFERROR(VLOOKUP(Mangas_ELSOT!$D43,Clasificacion_Final2019!$C$2:$P$107,14,0),0) -> 126 | G43: =IFERROR(VLOOKUP(B43,'Listado Pilotos y Equipos'!$B$3:$M$86,7,0),"") -> Miguel Angel Garcia | I43: =IFERROR(VLOOKUP(Mangas_ELSOT!$G43,Clasificacion_Final2019!$C$2:$P$107,14,0),0) -> 126 | J43: =IFERROR(F43+I43,0) -> 252
... A48: 17 | B48: EL SOT ESPORTIVE | D48: =IFERROR(VLOOKUP(B48,'Listado Pilotos y Equipos'!$B$3:$M$86,2,0),"") -> Albert Ranera | F48: =IFERROR(VLOOKUP(Mangas_ELSOT!$D48,Clasificacion_Final2019!$C$2:$P$107,14,0),0) -> 0 | G48: =IFERROR(VLOOKUP(B48,'Listado Pilotos y Equipos'!$B$3:$M$86,7,0),"") -> Victor Querol | I48: =IFERROR(VLOOKUP(Mangas_ELSOT!$G48,Clasificacion_Final2019!$C$2:$P$107,14,0),0) -> 0 | J48: =IFERROR(F48+I48,0) -> 0
A49: 18 | D49: =IFERROR(VLOOKUP(B49,'Listado Pilotos y Equipos'!$B$3:$M$86,2,0),"") | F49: =IFERROR(VLOOKUP(Mangas_ELSOT!$D49,Clasificacion_Final2019!$C$2:$P$107,14,0),0) -> 0 | G49: =IFERROR(VLOOKUP(B49,'Listado Pilotos y Equipos'!$B$3:$M$86,7,0),"") | I49: =IFERROR(VLOOKUP(Mangas_ELSOT!$G49,Clasificacion_Final2019!$C$2:$P$107,14,0),0) -> 0 | J49: =IFERROR(F49+I49,0) -> 0
A50: 19 | D50: =IFERROR(VLOOKUP(B50,'Listado Pilotos y Equipos'!$B$3:$M$86,2,0),"") | F50: =IFERROR(VLOOKUP(Mangas_ELSOT!$D50,Clasificacion_Final2019!$C$2:$P$107,14,0),0) -> 0 | G50: =IFERROR(VLOOKUP(B50,'Listado Pilotos y Equipos'!$B$3:$M$86,7,0),"") | I50: =IFERROR(VLOOKUP(Mangas_ELSOT!$G50,Clasificacion_Final2019!$C$2:$P$107,14,0),0) -> 0 | J50: =IFERROR(F50+I50,0) -> 0
A51: 20 | D51: =IFERROR(VLOOKUP(B51,'Listado Pilotos y Equipos'!$B$3:$M$86,2,0),"") | F51: =IFERROR(VLOOKUP(Mangas_ELSOT!$D51,Clasificacion_Final2019!$C$2:$P$107,14,0),0) -> 0 | G51: =IFERROR(VLOOKUP(B51,'Listado Pilotos y Equipos'!$B$3:$M$86,7,0),"") | I51: =IFERROR(VLOOKUP(Mangas_ELSOT!$G51,Clasificacion_Final2019!$C$2:$P$107,14,0),0) -> 0 | J51: =IFERROR(F51+I51,0) -> 0
A52: 21 | D52: =IFERROR(VLOOKUP(B52,'Listado Pilotos y Equipos'!$B$3:$M$86,2,0),"") | F52: =IFERROR(VLOOKUP(Mangas_ELSOT!$D52,Clasificacion_Final2019!$C$2:$P$107,14,0),0) -> 0 | G52: =IFERROR(VLOOKUP(B52,'Listado Pilotos y Equipos'!$B$3:$M$86,7,0),"") | I52: =IFERROR(VLOOKUP(Mangas_ELSOT!$G52,Clasificacion_Final2019!$C$2:$P$107,14,0),0) -> 0 | J52: =IFERROR(F52+I52,0) -> 0
A53: 22 | D53: =IFERROR(VLOOKUP(B53,'Listado Pilotos y Equipos'!$B$3:$M$86,2,0),"") | F53: =IFERROR(VLOOKUP(Mangas_ELSOT!$D53,Clasificacion_Final2019!$C$2:$P$107,14,0),0) -> 0 | G53: =IFERROR(VLOOKUP(B53,'Listado Pilotos y Equipos'!$B$3:$M$86,7,0),"") | I53: =IFERROR(VLOOKUP(Mangas_ELSOT!$G53,Clasificacion_Final2019!$C$2:$P$107,14,0),0) -> 0 | J53: =IFERROR(F53+I53,0) -> 0
A54: 23 | D54: =IFERROR(VLOOKUP(B54,'Listado Pilotos y Equipos'!$B$3:$M$86,2,0),"") | F54: =IFERROR(VLOOKUP(Mangas_ELSOT!$D54,Clasificacion_Final2019!$C$2:$P$107,14,0),0) -> 0 | G54: =IFERROR(VLOOKUP(B54,'Listado Pilotos y Equipos'!$B$3:$M$86,7,0),"") | I54: =IFERROR(VLOOKUP(Mangas_ELSOT!$G54,Clasificacion_Final2019!$C$2:$P$107,14,0),0) -> 0 | J54: =IFERROR(F54+I54,0) -> 0
A55: 24 | D55: =IFERROR(VLOOKUP(B55,'Listado Pilotos y Equipos'!$B$3:$M$86,2,0),"") | F55: =IFERROR(VLOOKUP(Mangas_ELSOT!$D55,Clasificacion_Final2019!$C$2:$P$107,14,0),0) -> 0 | G55: =IFERROR(VLOOKUP(B55,'Listado Pilotos y Equipos'!$B$3:$M$86,7,0),"") | I55: =IFERROR(VLOOKUP(Mangas_ELSOT!$G55,Clasificacion_Final2019!$C$2:$P$107,14,0),0) -> 0 | J55: =IFERROR(F55+I55,0) -> 0
A56: 25 | D56: =IFERROR(VLOOKUP(B56,'Listado Pilotos y Equipos'!$B$3:$M$86,2,0),"") | F56: =IFERROR(VLOOKUP(Mangas_ELSOT!$D56,Clasificacion_Final2019!$C$2:$P$107,14,0),0) -> 0 | G56: =IFERROR(VLOOKUP(B56,'Listado Pilotos y Equipos'!$B$3:$M$86,7,0),"") | I56: =IFERROR(VLOOKUP(Mangas_ELSOT!$G56,Clasificacion_Final2019!$C$2:$P$107,14,0),0) -> 0 | J56: =IFERROR(F56+I56,0) -> 0
A57: 26 | D57: =IFERROR(VLOOKUP(B57,'Listado Pilotos y Equipos'!$B$3:$M$86,2,0),"") | F57: =IFERROR(VLOOKUP(Mangas_ELSOT!$D57,Clasificacion_Final2019!$C$2:$P$107,14,0),0) -> 0 | G57: =IFERROR(VLOOKUP(B57,'Listado Pilotos y Equipos'!$B$3:$M$86,7,0),"") | I57: =IFERROR(VLOOKUP(Mangas_ELSOT!$G57,Clasificacion_Final2019!$C$2:$P$107,14,0),0) -> 0 | J57: =IFERROR(F57+I57,0) -> 0
A60: MANGA SABADO
A62: # | B62: EQUIPO | C62: CARRIL SALIDA | D62: PILOTO1 | E62: CARRILES | F62: PTOS. | G62: PILOTO2 | H62: CARRILES2 | I62: PTOS.3 | J62: TOTAL
A63: 1 | B63: SLOTMANIA BIKE | D63: =IFERROR(VLOOKUP(B63,'Listado Pilotos y Equipos'!$B$3:$M$86,2,0),"") -> Eduard Gil | F63: =IFERROR(VLOOKUP(Mangas_ELSOT!$D63,Clasificacion_Final2019!$C$2:$P$107,14,0),0) -> 355 | G63: =IFERROR(VLOOKUP(B63,'Listado Pilotos y Equipos'!$B$3:$M$86,7,0),"") -> Albert Tomas | I63: =IFERROR(VLOOKUP(Mangas_ELSOT!$G63,Clasificacion_Final2019!$C$2:$P$107,14,0),0) -> 341.5 | J63: =IFERROR(F63+I63,0) -> 696.5
A64: 2 | B64: GASCLAVAT | D64: =IFERROR(VLOOKUP(B64,'Listado Pilotos y Equipos'!$B$3:$M$86,2,0),"") -> Angel Navarro | F64: =IFERROR(VLOOKUP(Mangas_ELSOT!$D64,Clasificacion_Final2019!$C$2:$P$107,14,0),0) -> 258 | G64: =IFERROR(VLOOKUP(B64,'Listado Pilotos y Equipos'!$B$3:$M$86,7,0),"") -> Juan Ramon Mesas | I64: =IFERROR(VLOOKUP(Mangas_ELSOT!$G64,Clasificacion_Final2019!$C$2:$P$107,14,0),0) -> 258 | J64: =IFERROR(F64+I64,0) -> 516
A65: 3 | B65: BATUA L'OLLA | D65: =IFERROR(VLOOKUP(B65,'Listado Pilotos y Equipos'!$B$3:$M$86,2,0),"") -> Oscar Alarcon | F65: =IFERROR(VLOOKUP(Mangas_ELSOT!$D65,Clasificacion_Final2019!$C$2:$P$107,14,0),0) -> 210 | G65: =IFERROR(VLOOKUP(B65,'Listado Pilotos y Equipos'!$B$3:$M$86,7,0),"") -> Xavi Aranda | I65: =IFERROR(VLOOKUP(Mangas_ELSOT!$G65,Clasificacion_Final2019!$C$2:$P$107,14,0),0) -> 210 | J65: =IFERROR(F65+I65,0) -> 420
A66: 4 | B66: CRONO3 | D66: =IFERROR(VLOOKUP(B66,'Listado Pilotos y Equipos'!$B$3:$M$86,2,0),"") -> Rafael Muñoz | F66: =IFERROR(VLOOKUP(Mangas_ELSOT!$D66,Clasificacion_Final2019!$C$2:$P$107,14,0),0) -> 103 | G66: =IFERROR(VLOOKUP(B66,'Listado Pilotos y Equipos'!$B$3:$M$86,7,0),"") -> Victor Lopez | I66: =IFERROR(VLOOKUP(Mangas_ELSOT!$G66,Clasificacion_Final2019!$C$2:$P$107,14,0),0) -> 78 | J66: =IFERROR(F66+I66,0) -> 181
A67: 5 | B67: GASCLAVAT FEELGOOD | D67: =IFERROR(VLOOKUP(B67,'Listado Pilotos y Equipos'!$B$3:$M$86,2,0),"") -> Xavi Bellot | F67: =IFERROR(VLOOKUP(Mangas_ELSOT!$D67,Clasificacion_Final2019!$C$2:$P$107,14,0),0) -> 0 | G67: =IFERROR(VLOOKUP(B67,'Listado Pilotos y Equipos'!$B$3:$M$86,7,0),"") -> Cristian Diaz | I67: =IFERROR(VLOOKUP(Mangas_ELSOT!$G67,Clasificacion_Final2019!$C$2:$P$107,14,0),0) -> 161 | J67: =IFERROR(F67+I67,0) -> 161
A68: 6 | B68: NOUTEAM SLOT | D68: =IFERROR(VLOOKUP(B68,'Listado Pilotos y Equipos'!$B$3:$M$86,2,0),"") -> Jordi Muñoz | F68: =IFERROR(VLOOKUP(Mangas_ELSOT!$D68,Clasificacion_Final2019!$C$2:$P$107,14,0),0) -> 92 | G68: =IFERROR(VLOOKUP(B68,'Listado Pilotos y Equipos'!$B$3:$M$86,7,0),"") -> Cristina Acacio | I68: =IFERROR(VLOOKUP(Mangas_ELSOT!$G68,Clasificacion_Final2019!$C$2:$P$107,14,0),0) -> 0 | J68: =IFERROR(F68+I68,0) -> 92
A69: 7 | B69: TRELEC | D69: =IFERROR(VLOOKUP(B69,'Listado Pilotos y Equipos'!$B$3:$M$86,2,0),"") -> Albert Figuerola | F69: =IFERROR(VLOOKUP(Mangas_ELSOT!$D69,Clasificacion_Final2019!$C$2:$P$107,14,0),0) -> 0 | G69: =IFERROR(VLOOKUP(B69,'Listado Pilotos y Equipos'!$B$3:$M$86,7,0),"") -> Cesc Figueras | I69: =IFERROR(VLOOKUP(Mangas_ELSOT!$G69,Clasificacion_Final2019!$C$2:$P$107,14,0),0) -> 0 | J69: =IFERROR(F69+I69,0) -> 0
A70: 8 | B70: SCM | D70: =IFERROR(VLOOKUP(B70,'Listado Pilotos y Equipos'!$B$3:$M$86,2,0),"") -> Edgar Carmona | F70: =IFERROR(VLOOKUP(Mangas_ELSOT!$D70,Clasificacion_Final2019!$C$2:$P$107,14,0),0) -> 0 | G70: =IFERROR(VLOOKUP(B70,'Listado Pilotos y Equipos'!$B$3:$M$86,7,0),"") -> Jordi Cantos | I70: =IFERROR(VLOOKUP(Mangas_ELSOT!$G70,Clasificacion_Final2019!$C$2:$P$107,14,0),0) -> 0 | J70: =IFERROR(F70+I70,0) -> 0
A71: 9 | B71: CRONO2 | D71: =IFERROR(VLOOKUP(B71,'Listado Pilotos y Equipos'!$B$3:$M$86,2,0),"") -> Marius Magro | F71: =IFERROR(VLOOKUP(Mangas_ELSOT!$D71,Clasificacion_Final2019!$C$2:$P$107,14,0),0) -> 0 | G71: =IFERROR(VLOOKUP(B71,'Listado Pilotos y Equipos'!$B$3:$M$86,7,0),"") -> Raul Cabello | I71: =IFERROR(VLOOKUP(Mangas_ELSOT!$G71,Clasificacion_Final2019!$C$2:$P$107,14,0),0) -> 0 | J71: =IFERROR(F71+I71,0) -> 0
A72: 10 | D72: =IFERROR(VLOOKUP(B72,'Listado Pilotos y Equipos'!$B$3:$M$86,2,0),"") | F72: =IFERROR(VLOOKUP(Mangas_ELSOT!$D72,Clasificacion_Final2019!$C$2:$P$107,14,0),0) -> 0 | G72: =IFERROR(VLOOKUP(B72,'Listado Pilotos y Equipos'!$B$3:$M$86,7,0),"") | I72: =IFERROR(VLOOKUP(Mangas_ELSOT!$G72,Clasificacion_Final2019!$C$2:$P$107,14,0),0) -> 0 | J72: =IFERROR(F72+I72,0) -> 0
A73: 11 | D73: =IFERROR(VLOOKUP(B73,'Listado Pilotos y Equipos'!$B$3:$M$86,2,0),"") | F73: =IFERROR(VLOOKUP(Mangas_ELSOT!$D73,Clasificacion_Final2019!$C$2:$P$107,14,0),0) -> 0 | G73: =IFERROR(VLOOKUP(B73,'Listado Pilotos y Equipos'!$B$3:$M$86,7,0),"") | I73: =IFERROR(VLOOKUP(Mangas_ELSOT!$G73,Clasificacion_Final2019!$C$2:$P$107,14,0),0) -> 0 | J73: =IFERROR(F73+I73,0) -> 0
A74: 12 | D74: =IFERROR(VLOOKUP(B74,'Listado Pilotos y Equipos'!$B$3:$M$86,2,0),"") | F74: =IFERROR(VLOOKUP(Mangas_ELSOT!$D74,Clasificacion_Final2019!$C$2:$P$107,14,0),0) -> 0 | G74: =IFERROR(VLOOKUP(B74,'Listado Pilotos y Equipos'!$B$3:$M$86,7,0),"") | I74: =IFERROR(VLOOKUP(Mangas_ELSOT!$G74,Clasificacion_Final2019!$C$2:$P$107,14,0),0) -> 0 | J74: =IFERROR(F74+I74,0) -> 0
A75: 13 | D75: =IFERROR(VLOOKUP(B75,'Listado Pilotos y Equipos'!$B$3:$M$86,2,0),"") | F75: =IFERROR(VLOOKUP(Mangas_ELSOT!$D75,Clasificacion_Final2019!$C$2:$P$107,14,0),0) -> 0 | G75: =IFERROR(VLOOKUP(B75,'Listado Pilotos y Equipos'!$B$3:$M$86,7,0),"") | I75: =IFERROR(VLOOKUP(Mangas_ELSOT!$G75,Clasificacion_Final2019!$C$2:$P$107,14,0),0) -> 0 | J75: =IFERROR(F75+I75,0) -> 0
A76: 14 | D76: =IFERROR(VLOOKUP(B76,'Listado Pilotos y Equipos'!$B$3:$M$86,2,0),"") | F76: =IFERROR(VLOOKUP(Mangas_ELSOT!$D76,Clasificacion_Final2019!$C$2:$P$107,14,0),0) -> 0 | G76: =IFERROR(VLOOKUP(B76,'Listado Pilotos y Equipos'!$B$3:$M$86,7,0),"") | I76: =IFERROR(VLOOKUP(Mangas_ELSOT!$G76,Clasificacion_Final2019!$C$2:$P$107,14,0),0) -> 0 | J76: =IFERROR(F76+I76,0) -> 0
A77: 15 | D77: =IFERROR(VLOOKUP(B77,'Listado Pilotos y Equipos'!$B$3:$M$86,2,0),"") | F77: =IFERROR(VLOOKUP(Mangas_ELSOT!$D77,Clasificacion_Final2019!$C$2:$P$107,14,0),0) -> 0 | G77: =IFERROR(VLOOKUP(B77,'Listado Pilotos y Equipos'!$B$3:$M$86,7,0),"") | I77: =IFERROR(VLOOKUP(Mangas_ELSOT!$G77,Clasificacion_Final2019!$C$2:$P$107,14,0),0) -> 0 | J77: =IFERROR(F77+I77,0) -> 0
A78: 16 | D78: =IFERROR(VLOOKUP(B78,'Listado Pilotos y Equipos'!$B$3:$M$86,2,0),"") | F78: =IFERROR(VLOOKUP(Mangas_ELSOT!$D78,Clasificacion_Final2019!$C$2:$P$107,14,0),0) -> 0 | G78: =IFERROR(VLOOKUP(B78,'Listado Pilotos y Equipos'!$B$3:$M$86,7,0),"") | I78: =IFERROR(VLOOKUP(Mangas_ELSOT!$G78,Clasificacion_Final2019!$C$2:$P$107,14,0),0) -> 0 | J78: =IFERROR(F78+I78,0) -> 0
A79: 17 | D79: =IFERROR(VLOOKUP(B79,'Listado Pilotos y Equipos'!$B$3:$M$86,2,0),"") | F79: =IFERROR(VLOOKUP(Mangas_ELSOT!$D79,Clasificacion_Final2019!$C$2:$P$107,14,0),0) -> 0 | G79: =IFERROR(VLOOKUP(B79,'Listado Pilotos y Equipos'!$B$3:$M$86,7,0),"") | I79: =IFERROR(VLOOKUP(Mangas_ELSOT!$G79,Clasificacion_Final2019!$C$2:$P$107,14,0),0) -> 0 | J79: =IFERROR(F79+I79,0) -> 0
A80: 18 | D80: =IFERROR(VLOOKUP(B80,'Listado Pilotos y Equipos'!$B$3:$M$86,2,0),"") | F80: =IFERROR(VLOOKUP(Mangas_ELSOT!$D80,Clasificacion_Final2019!$C$2:$P$107,14,0),0) -> 0 | G80: =IFERROR(VLOOKUP(B80,'Listado Pilotos y Equipos'!$B$3:$M$86,7,0),"") | I80: =IFERROR(VLOOKUP(Mangas_ELSOT!$G80,Clasificacion_Final2019!$C$2:$P$107,14,0),0) -> 0 | J80: =IFERROR(F80+I80,0) -> 0

